{"100": {"max_delay_session_1": 56.92771084337349, "max_delay_session_10": 68.02679658952498, "max_delay_session_20": 63.13533374157991, "max_delay_session_3": 72.1311475409836, "max_delay_session_5": 69.1891891891892, "max_moving_average_10": 71.60940325497288, "max_moving_average_100": 71.53846153846153, "max_moving_average_20": 71.81490384615384, "max_moving_average_30": 72.04559088182364, "max_moving_average_40": 71.34399052693901, "max_moving_average_50": 70.93567251461988, "max_moving_average_60": 72.1311475409836, "max_moving_average_70": 71.05729474305966, "max_moving_average_80": 70.57793345008757, "max_moving_average_90": 70.21906453522794, "max_value_matrix": {"delay_session": 3, "moving_average": 60, "value": 72.1311475409836}, "moving_average_range": 10, "predict_delay_session_list": [1, 3, 5, 10, 20], "value_matrix": [[56.92771084337349, 71.60940325497288, 67.77308388654194, 67.79456193353475, 62.75820170109356], [55.949519230769226, 71.81490384615384, 68.12988574864703, 66.38604930847866, 62.4546553808948], [56.80863827234553, 72.04559088182364, 69.1891891891892, 67.22790138304269, 63.119709794437725], [55.47013601419278, 71.34399052693901, 68.10906935388263, 66.56769596199526, 62.68656716417911], [55.73099415204679, 70.93567251461988, 68.38407494145198, 67.21407624633432, 62.323113207547166], [56.73543689320388, 72.1311475409836, 68.87537993920972, 68.02679658952498, 63.13533374157991], [55.72609208972845, 71.05729474305966, 67.94795978710823, 66.76540284360189, 62.35854675402025], [54.725787631271885, 70.57793345008757, 67.4459380479252, 66.27634660421545, 62.27192466156563], [55.38461538461539, 70.21906453522794, 67.18009478672985, 66.6270783847981, 62.268656716417915], [55.82495564754583, 71.53846153846153, 67.77251184834124, 66.58753709198814, 62.492546213476444]]}}