{"100": {"max_delay_session_1": 73.14285714285714, "max_delay_session_10": 68.53868194842407, "max_delay_session_20": 65.59684684684684, "max_delay_session_3": 74.38536306460834, "max_delay_session_5": 72.7116704805492, "max_moving_average_10": 72.55995538204128, "max_moving_average_100": 70.88963963963964, "max_moving_average_20": 71.29266927811976, "max_moving_average_30": 71.20131651124521, "max_moving_average_40": 74.38536306460834, "max_moving_average_50": 73.05585980284775, "max_moving_average_60": 71.04966139954854, "max_moving_average_70": 72.71195957327345, "max_moving_average_80": 71.00558659217877, "max_moving_average_90": 74.05951712521056, "max_value_matrix": {"delay_session": 3, "moving_average": 40, "value": 74.38536306460834}, "moving_average_range": 10, "predict_delay_session_list": [1, 3, 5, 10, 20], "value_matrix": [[70.974930362117, 72.55995538204128, 71.24511446119486, 67.46920492721165, 65.59684684684684], [68.52990497484627, 71.29266927811976, 70.98039215686275, 68.37078651685393, 65.14124293785311], [68.98630136986301, 71.20131651124521, 70.417124039517, 67.63896532746286, 64.63752075262866], [73.14285714285714, 74.38536306460834, 72.7116704805492, 68.53868194842407, 65.07204610951008], [71.1706783369803, 73.05585980284775, 71.78082191780823, 67.45334796926454, 63.796909492273734], [69.44757609921083, 71.04966139954854, 70.58159232072275, 65.98754951895869, 62.20830961866819], [71.11609646662927, 72.71195957327345, 71.23595505617978, 67.13562183455262, 63.74434389140271], [69.75446428571429, 70.96594081518704, 71.00558659217877, 66.25629546726357, 62.68992684299381], [72.96690970274817, 74.05951712521056, 71.91011235955057, 67.60404949381328, 63.51809954751131], [69.16150815981992, 70.88963963963964, 70.25352112676056, 65.80135440180587, 62.37230419977299]]}}