{"1": {"max_delay_session_1": 43.01675977653631, "max_delay_session_10": 32.758620689655174, "max_delay_session_20": 30.0, "max_delay_session_3": 38.983050847457626, "max_delay_session_5": 41.47727272727273, "max_moving_average_10": 43.01675977653631, "max_value_matrix": {"delay_session": 1, "moving_average": 10, "value": 43.01675977653631}, "moving_average_range": 1, "predict_delay_session_list": [1, 3, 5, 10, 20], "value_matrix": [[43.01675977653631, 38.983050847457626, 41.47727272727273, 32.758620689655174, 30.0]]}}