{"30": {"max_delay_session_1": 100.0, "max_delay_session_10": 100.0, "max_delay_session_20": 0.0, "max_delay_session_3": 100.0, "max_delay_session_5": 100.0, "max_moving_average_10": 100.0, "max_moving_average_100": 100.0, "max_moving_average_20": 0.0, "max_moving_average_30": 100.0, "max_moving_average_40": 100.0, "max_moving_average_50": 100.0, "max_moving_average_60": 0.0, "max_moving_average_70": 0.0, "max_moving_average_80": 100.0, "max_moving_average_90": 0.0, "max_value_matrix": {"delay_session": 1, "moving_average": 10, "value": 100.0}, "moving_average_range": 10, "predict_delay_session_list": [1, 3, 5, 10, 20], "value_matrix": [[100.0, 100.0, 100.0, 100.0, 0.0], [0.0, 0.0, 0.0, 0.0, 0.0], [63.63636363636363, 77.77777777777779, 100.0, 100.0, 0.0], [63.63636363636363, 77.77777777777779, 100.0, 100.0, 0.0], [63.63636363636363, 77.77777777777779, 100.0, 100.0, 0.0], [0.0, 0.0, 0.0, 0.0, 0.0], [0.0, 0.0, 0.0, 0.0, 0.0], [63.63636363636363, 77.77777777777779, 100.0, 100.0, 0.0], [0.0, 0.0, 0.0, 0.0, 0.0], [63.63636363636363, 77.77777777777779, 100.0, 100.0, 0.0]]}}