{"30": {"max_delay_session_1": 51.14503816793893, "max_delay_session_10": 48.818897637795274, "max_delay_session_20": 52.991452991452995, "max_delay_session_3": 56.390977443609025, "max_delay_session_5": 54.54545454545454, "max_moving_average_10": 50.37593984962406, "max_moving_average_100": 52.55474452554745, "max_moving_average_20": 55.223880597014926, "max_moving_average_30": 54.67625899280576, "max_moving_average_40": 52.55474452554745, "max_moving_average_50": 52.89855072463768, "max_moving_average_60": 50.0, "max_moving_average_70": 50.0, "max_moving_average_80": 55.72519083969466, "max_moving_average_90": 56.390977443609025, "max_value_matrix": {"delay_session": 3, "moving_average": 90, "value": 56.390977443609025}, "moving_average_range": 10, "predict_delay_session_list": [1, 3, 5, 10, 20], "value_matrix": [[45.52238805970149, 50.37593984962406, 48.091603053435115, 41.269841269841265, 47.863247863247864], [51.11111111111111, 55.223880597014926, 54.54545454545454, 48.818897637795274, 52.991452991452995], [50.0, 54.67625899280576, 51.82481751824818, 46.96969696969697, 49.18032786885246], [47.82608695652174, 52.55474452554745, 48.888888888888886, 43.84615384615385, 49.166666666666664], [48.92086330935252, 52.89855072463768, 48.529411764705884, 45.038167938931295, 48.78048780487805], [43.35664335664335, 50.0, 47.85714285714286, 45.18518518518518, 46.400000000000006], [46.09929078014184, 50.0, 47.82608695652174, 43.609022556390975, 46.34146341463415], [51.14503816793893, 55.72519083969466, 51.93798449612403, 45.16129032258064, 50.427350427350426], [51.127819548872175, 56.390977443609025, 51.908396946564885, 45.23809523809524, 49.57983193277311], [49.275362318840585, 52.55474452554745, 51.85185185185185, 44.61538461538462, 50.83333333333333]]}}