{"30": {"max_delay_session_1": 39.61038961038961, "max_delay_session_10": 49.65034965034965, "max_delay_session_20": 51.85185185185185, "max_delay_session_3": 46.478873239436616, "max_delay_session_5": 50.37037037037037, "max_moving_average_10": 51.85185185185185, "max_moving_average_100": 49.65034965034965, "max_moving_average_20": 45.774647887323944, "max_moving_average_30": 49.629629629629626, "max_moving_average_40": 45.57823129251701, "max_moving_average_50": 51.49253731343284, "max_moving_average_60": 48.61111111111111, "max_moving_average_70": 46.808510638297875, "max_moving_average_80": 49.31506849315068, "max_moving_average_90": 50.71428571428571, "max_value_matrix": {"delay_session": 20, "moving_average": 10, "value": 51.85185185185185}, "moving_average_range": 10, "predict_delay_session_list": [1, 3, 5, 10, 20], "value_matrix": [[35.374149659863946, 45.51724137931035, 50.3448275862069, 46.09929078014184, 51.85185185185185], [36.241610738255034, 40.939597315436245, 45.63758389261745, 44.827586206896555, 45.774647887323944], [36.11111111111111, 46.478873239436616, 49.29577464788733, 44.927536231884055, 49.629629629629626], [31.292517006802722, 40.136054421768705, 45.57823129251701, 42.65734265734265, 43.884892086330936], [37.03703703703704, 45.925925925925924, 50.37037037037037, 47.76119402985074, 51.49253731343284], [39.61038961038961, 44.07894736842105, 48.026315789473685, 47.2972972972973, 48.61111111111111], [36.0, 41.333333333333336, 46.0, 43.15068493150685, 46.808510638297875], [37.5, 45.33333333333333, 48.66666666666667, 45.89041095890411, 49.31506849315068], [38.92617449664429, 44.89795918367347, 48.97959183673469, 49.65034965034965, 50.71428571428571], [36.0, 44.0, 47.333333333333336, 43.83561643835616, 49.65034965034965]]}}