{"30": {"max_delay_session_1": 41.25, "max_delay_session_10": 63.013698630136986, "max_delay_session_20": 54.41176470588235, "max_delay_session_3": 50.0, "max_delay_session_5": 61.33333333333333, "max_moving_average_10": 57.831325301204814, "max_moving_average_100": 55.55555555555556, "max_moving_average_20": 51.28205128205128, "max_moving_average_30": 54.94505494505495, "max_moving_average_40": 61.33333333333333, "max_moving_average_50": 59.45945945945946, "max_moving_average_60": 55.55555555555556, "max_moving_average_70": 63.013698630136986, "max_moving_average_80": 55.42168674698795, "max_moving_average_90": 59.74025974025974, "max_value_matrix": {"delay_session": 10, "moving_average": 70, "value": 63.013698630136986}, "moving_average_range": 10, "predict_delay_session_list": [1, 3, 5, 10, 20], "value_matrix": [[40.909090909090914, 46.51162790697674, 52.94117647058824, 57.831325301204814, 54.054054054054056], [35.80246913580247, 39.24050632911392, 51.28205128205128, 45.20547945205479, 49.29577464788733], [31.914893617021278, 44.565217391304344, 54.94505494505495, 53.48837209302325, 53.94736842105263], [41.25, 50.0, 57.14285714285714, 61.33333333333333, 53.03030303030303], [40.50632911392405, 49.35064935064935, 57.89473684210527, 59.45945945945946, 51.515151515151516], [33.33333333333333, 45.05494505494506, 55.55555555555556, 54.11764705882353, 53.333333333333336], [41.02564102564102, 50.0, 61.33333333333333, 63.013698630136986, 52.307692307692314], [37.5, 46.51162790697674, 54.11764705882353, 55.42168674698795, 54.054054054054056], [40.243902439024396, 48.75, 55.69620253164557, 59.74025974025974, 54.41176470588235], [35.95505617977528, 44.827586206896555, 53.48837209302325, 55.55555555555556, 49.29577464788733]]}}