{"30": {"max_delay_session_1": 69.3069306930693, "max_delay_session_10": 67.02127659574468, "max_delay_session_20": 61.36363636363637, "max_delay_session_3": 62.62626262626263, "max_delay_session_5": 63.91752577319587, "max_moving_average_10": 60.810810810810814, "max_moving_average_100": 60.83333333333333, "max_moving_average_20": 63.20754716981132, "max_moving_average_30": 60.71428571428571, "max_moving_average_40": 60.33057851239669, "max_moving_average_50": 69.3069306930693, "max_moving_average_60": 61.261261261261254, "max_moving_average_70": 60.97560975609756, "max_moving_average_80": 59.50413223140496, "max_moving_average_90": 60.17699115044248, "max_value_matrix": {"delay_session": 1, "moving_average": 50, "value": 69.3069306930693}, "moving_average_range": 10, "predict_delay_session_list": [1, 3, 5, 10, 20], "value_matrix": [[53.84615384615385, 53.246753246753244, 51.31578947368421, 60.810810810810814, 49.275362318840585], [63.20754716981132, 55.769230769230774, 56.86274509803921, 57.73195876288659, 48.275862068965516], [57.85123966942148, 53.78151260504202, 56.41025641025641, 60.71428571428571, 53.92156862745098], [60.33057851239669, 56.30252100840336, 58.119658119658126, 59.64912280701754, 55.23809523809524], [69.3069306930693, 62.62626262626263, 63.91752577319587, 67.02127659574468, 61.36363636363637], [61.261261261261254, 55.96330275229357, 59.813084112149525, 60.78431372549019, 50.0], [60.97560975609756, 56.19834710743802, 57.14285714285714, 59.48275862068966, 52.336448598130836], [59.50413223140496, 54.621848739495796, 56.41025641025641, 58.77192982456141, 51.42857142857142], [57.02479338842975, 52.94117647058824, 57.26495726495726, 60.17699115044248, 51.45631067961165], [60.83333333333333, 57.6271186440678, 59.48275862068966, 60.17699115044248, 54.807692307692314]]}}