{"30": {"max_delay_session_1": 51.0, "max_delay_session_10": 57.608695652173914, "max_delay_session_20": 52.94117647058824, "max_delay_session_3": 53.125, "max_delay_session_5": 59.57446808510638, "max_moving_average_10": 59.375, "max_moving_average_100": 53.06122448979592, "max_moving_average_20": 59.57446808510638, "max_moving_average_30": 53.2608695652174, "max_moving_average_40": 58.76288659793815, "max_moving_average_50": 58.415841584158414, "max_moving_average_60": 56.70103092783505, "max_moving_average_70": 54.90196078431373, "max_moving_average_80": 54.08163265306123, "max_moving_average_90": 52.57731958762887, "max_value_matrix": {"delay_session": 5, "moving_average": 20, "value": 59.57446808510638}, "moving_average_range": 10, "predict_delay_session_list": [1, 3, 5, 10, 20], "value_matrix": [[51.0, 53.06122448979592, 59.375, 57.608695652173914, 52.94117647058824], [46.93877551020408, 53.125, 59.57446808510638, 55.55555555555556, 49.39759036144578], [45.54455445544555, 48.484848484848484, 52.57731958762887, 53.2608695652174, 51.76470588235295], [50.495049504950494, 50.505050505050505, 58.76288659793815, 55.319148936170215, 52.27272727272727], [47.61904761904761, 50.48543689320388, 58.415841584158414, 54.166666666666664, 51.68539325842697], [48.51485148514851, 51.515151515151516, 56.70103092783505, 53.2608695652174, 50.0], [45.28301886792453, 49.03846153846153, 54.90196078431373, 53.608247422680414, 52.22222222222223], [47.05882352941176, 51.0, 54.08163265306123, 52.68817204301075, 52.94117647058824], [45.54455445544555, 49.494949494949495, 52.57731958762887, 52.17391304347826, 51.162790697674424], [44.11764705882353, 49.0, 53.06122448979592, 51.578947368421055, 50.0]]}}