{"30": {"max_delay_session_1": 48.38709677419355, "max_delay_session_10": 50.0, "max_delay_session_20": 64.28571428571429, "max_delay_session_3": 47.82608695652174, "max_delay_session_5": 57.89473684210527, "max_moving_average_10": 58.333333333333336, "max_moving_average_100": 64.28571428571429, "max_moving_average_20": 63.1578947368421, "max_moving_average_30": 61.53846153846154, "max_moving_average_40": 61.111111111111114, "max_moving_average_50": 61.53846153846154, "max_moving_average_60": 63.1578947368421, "max_moving_average_70": 60.0, "max_moving_average_80": 61.53846153846154, "max_moving_average_90": 53.84615384615385, "max_value_matrix": {"delay_session": 20, "moving_average": 100, "value": 64.28571428571429}, "moving_average_range": 10, "predict_delay_session_list": [1, 3, 5, 10, 20], "value_matrix": [[30.0, 45.0, 57.89473684210527, 50.0, 58.333333333333336], [48.38709677419355, 37.93103448275862, 42.857142857142854, 41.66666666666667, 63.1578947368421], [40.909090909090914, 45.45454545454545, 57.14285714285714, 47.05882352941176, 61.53846153846154], [39.285714285714285, 42.857142857142854, 48.148148148148145, 36.36363636363637, 61.111111111111114], [26.08695652173913, 45.45454545454545, 52.38095238095239, 50.0, 61.53846153846154], [40.0, 43.333333333333336, 44.827586206896555, 37.5, 63.1578947368421], [41.66666666666667, 45.83333333333333, 52.17391304347826, 42.10526315789473, 60.0], [40.909090909090914, 45.45454545454545, 57.14285714285714, 47.05882352941176, 61.53846153846154], [40.909090909090914, 40.909090909090914, 52.38095238095239, 41.17647058823529, 53.84615384615385], [43.47826086956522, 47.82608695652174, 54.54545454545454, 44.44444444444444, 64.28571428571429]]}}