{"30": {"max_delay_session_1": 53.18181818181819, "max_delay_session_10": 58.29596412556054, "max_delay_session_20": 61.88118811881188, "max_delay_session_3": 57.74647887323944, "max_delay_session_5": 55.76036866359447, "max_moving_average_10": 60.48780487804878, "max_moving_average_100": 58.5, "max_moving_average_20": 59.345794392523366, "max_moving_average_30": 60.57692307692307, "max_moving_average_40": 61.88118811881188, "max_moving_average_50": 60.57692307692307, "max_moving_average_60": 59.512195121951216, "max_moving_average_70": 60.913705583756354, "max_moving_average_80": 60.0, "max_moving_average_90": 59.90338164251207, "max_value_matrix": {"delay_session": 20, "moving_average": 40, "value": 61.88118811881188}, "moving_average_range": 10, "predict_delay_session_list": [1, 3, 5, 10, 20], "value_matrix": [[52.293577981651374, 55.55555555555556, 54.67289719626168, 56.54205607476636, 60.48780487804878], [50.0, 57.45614035087719, 55.309734513274336, 58.29596412556054, 59.345794392523366], [48.41628959276018, 53.42465753424658, 52.995391705069125, 55.29953917050692, 60.57692307692307], [52.55813953488372, 57.74647887323944, 54.502369668246445, 56.872037914691944, 61.88118811881188], [52.03619909502263, 56.16438356164384, 55.76036866359447, 57.14285714285714, 60.57692307692307], [49.54545454545455, 56.42201834862385, 55.55555555555556, 57.476635514018696, 59.512195121951216], [50.0, 55.769230769230774, 54.36893203883495, 57.28155339805825, 60.913705583756354], [48.4304932735426, 54.29864253393665, 52.51141552511416, 55.25114155251142, 60.0], [53.18181818181819, 57.3394495412844, 53.70370370370371, 55.092592592592595, 59.90338164251207], [51.64319248826291, 54.976303317535546, 53.588516746411486, 54.54545454545454, 58.5]]}}