{"30": {"max_delay_session_1": 55.3072625698324, "max_delay_session_10": 58.47953216374269, "max_delay_session_20": 59.74025974025974, "max_delay_session_3": 63.53591160220995, "max_delay_session_5": 62.857142857142854, "max_moving_average_10": 60.71428571428571, "max_moving_average_100": 61.98830409356725, "max_moving_average_20": 62.857142857142854, "max_moving_average_30": 60.79545454545454, "max_moving_average_40": 60.0, "max_moving_average_50": 58.24175824175825, "max_moving_average_60": 59.76331360946746, "max_moving_average_70": 59.195402298850574, "max_moving_average_80": 63.53591160220995, "max_moving_average_90": 62.01117318435754, "max_value_matrix": {"delay_session": 3, "moving_average": 80, "value": 63.53591160220995}, "moving_average_range": 10, "predict_delay_session_list": [1, 3, 5, 10, 20], "value_matrix": [[53.48837209302325, 60.0, 60.71428571428571, 57.05521472392638, 59.47712418300654], [55.3072625698324, 62.71186440677966, 62.857142857142854, 58.47953216374269, 57.7639751552795], [53.333333333333336, 59.55056179775281, 60.79545454545454, 56.14035087719298, 59.006211180124225], [52.87356321839081, 58.139534883720934, 60.0, 56.36363636363636, 58.70967741935483], [52.71739130434783, 58.24175824175825, 57.77777777777777, 54.54545454545454, 56.024096385542165], [52.02312138728323, 57.30994152046783, 59.76331360946746, 56.70731707317073, 59.74025974025974], [51.68539325842697, 55.68181818181818, 59.195402298850574, 55.62130177514793, 58.490566037735846], [54.644808743169406, 63.53591160220995, 62.01117318435754, 57.14285714285714, 58.18181818181818], [54.69613259668509, 62.01117318435754, 61.016949152542374, 56.06936416184971, 56.44171779141104], [53.714285714285715, 60.115606936416185, 61.98830409356725, 56.62650602409639, 59.61538461538461]]}}