{"30": {"max_delay_session_1": 59.34959349593496, "max_delay_session_10": 68.42105263157895, "max_delay_session_20": 67.28971962616822, "max_delay_session_3": 63.934426229508205, "max_delay_session_5": 66.94915254237289, "max_moving_average_10": 60.17699115044248, "max_moving_average_100": 67.54385964912281, "max_moving_average_20": 68.42105263157895, "max_moving_average_30": 63.06306306306306, "max_moving_average_40": 67.88990825688074, "max_moving_average_50": 66.66666666666666, "max_moving_average_60": 66.97247706422019, "max_moving_average_70": 63.39285714285714, "max_moving_average_80": 63.1578947368421, "max_moving_average_90": 67.28971962616822, "max_value_matrix": {"delay_session": 10, "moving_average": 20, "value": 68.42105263157895}, "moving_average_range": 10, "predict_delay_session_list": [1, 3, 5, 10, 20], "value_matrix": [[50.0, 51.66666666666667, 55.08474576271186, 60.17699115044248, 53.77358490566038], [57.98319327731093, 63.86554621848739, 66.94915254237289, 68.42105263157895, 65.71428571428571], [52.5, 57.6271186440678, 60.3448275862069, 63.06306306306306, 55.44554455445545], [57.01754385964912, 62.83185840707964, 66.07142857142857, 67.88990825688074, 67.0], [59.34959349593496, 63.63636363636363, 64.70588235294117, 66.66666666666666, 66.34615384615384], [56.91056910569105, 63.934426229508205, 66.11570247933885, 66.10169491525424, 66.97247706422019], [50.83333333333333, 62.18487394957983, 62.39316239316239, 63.39285714285714, 62.745098039215684], [52.03252032520326, 61.15702479338842, 61.34453781512605, 63.1578947368421, 61.53846153846154], [55.371900826446286, 61.66666666666667, 64.70588235294117, 66.37931034482759, 67.28971962616822], [56.91056910569105, 62.8099173553719, 63.86554621848739, 67.54385964912281, 64.42307692307693]]}}