{"30": {"max_delay_session_1": 51.85185185185185, "max_delay_session_10": 63.04347826086957, "max_delay_session_20": 75.0, "max_delay_session_3": 64.15094339622641, "max_delay_session_5": 60.78431372549019, "max_moving_average_10": 61.36363636363637, "max_moving_average_100": 68.42105263157895, "max_moving_average_20": 66.66666666666666, "max_moving_average_30": 65.85365853658537, "max_moving_average_40": 66.66666666666666, "max_moving_average_50": 68.42105263157895, "max_moving_average_60": 63.829787234042556, "max_moving_average_70": 66.66666666666666, "max_moving_average_80": 75.0, "max_moving_average_90": 69.44444444444444, "max_value_matrix": {"delay_session": 20, "moving_average": 80, "value": 75.0}, "moving_average_range": 10, "predict_delay_session_list": [1, 3, 5, 10, 20], "value_matrix": [[46.42857142857143, 58.18181818181818, 54.71698113207547, 54.166666666666664, 61.36363636363637], [45.3125, 53.96825396825397, 57.377049180327866, 58.92857142857143, 66.66666666666666], [50.90909090909091, 61.111111111111114, 56.60377358490566, 56.25, 65.85365853658537], [50.90909090909091, 64.15094339622641, 60.78431372549019, 63.04347826086957, 66.66666666666666], [51.85185185185185, 62.264150943396224, 58.82352941176471, 60.86956521739131, 68.42105263157895], [44.827586206896555, 54.385964912280706, 52.72727272727272, 56.00000000000001, 63.829787234042556], [48.275862068965516, 60.71428571428571, 57.407407407407405, 61.224489795918366, 66.66666666666666], [51.02040816326531, 63.26530612244898, 58.333333333333336, 56.81818181818182, 75.0], [50.0, 60.78431372549019, 59.183673469387756, 59.09090909090909, 69.44444444444444], [50.0, 60.37735849056604, 56.86274509803921, 60.86956521739131, 68.42105263157895]]}}