{"30": {"max_delay_session_1": 54.761904761904766, "max_delay_session_10": 61.32075471698113, "max_delay_session_20": 58.333333333333336, "max_delay_session_3": 54.83870967741935, "max_delay_session_5": 56.043956043956044, "max_moving_average_10": 54.761904761904766, "max_moving_average_100": 57.943925233644855, "max_moving_average_20": 55.769230769230774, "max_moving_average_30": 54.347826086956516, "max_moving_average_40": 56.32183908045977, "max_moving_average_50": 56.56565656565656, "max_moving_average_60": 58.51063829787234, "max_moving_average_70": 61.32075471698113, "max_moving_average_80": 55.91397849462365, "max_moving_average_90": 58.71559633027523, "max_value_matrix": {"delay_session": 10, "moving_average": 70, "value": 61.32075471698113}, "moving_average_range": 10, "predict_delay_session_list": [1, 3, 5, 10, 20], "value_matrix": [[54.761904761904766, 53.01204819277109, 52.4390243902439, 50.0, 44.927536231884055], [44.54545454545455, 50.90909090909091, 51.37614678899083, 55.769230769230774, 54.25531914893617], [54.20560747663551, 50.0, 51.42857142857142, 52.475247524752476, 54.347826086956516], [53.191489361702125, 54.83870967741935, 56.043956043956044, 56.32183908045977, 50.649350649350644], [53.84615384615385, 49.51456310679612, 49.01960784313725, 56.56565656565656, 56.17977528089888], [50.98039215686274, 49.504950495049506, 51.515151515151516, 58.51063829787234, 55.952380952380956], [45.614035087719294, 49.557522123893804, 50.45045045045045, 61.32075471698113, 58.333333333333336], [54.54545454545454, 50.0, 54.63917525773196, 55.91397849462365, 51.19047619047619], [48.24561403508772, 47.78761061946903, 48.64864864864865, 58.71559633027523, 54.54545454545454], [50.442477876106196, 49.107142857142854, 49.549549549549546, 57.943925233644855, 53.608247422680414]]}}