{"30": {"max_delay_session_1": 64.28571428571429, "max_delay_session_10": 78.78787878787878, "max_delay_session_20": 76.19047619047619, "max_delay_session_3": 77.5, "max_delay_session_5": 84.21052631578947, "max_moving_average_10": 76.19047619047619, "max_moving_average_100": 77.5, "max_moving_average_20": 84.21052631578947, "max_moving_average_30": 82.05128205128204, "max_moving_average_40": 82.05128205128204, "max_moving_average_50": 73.17073170731707, "max_moving_average_60": 79.48717948717949, "max_moving_average_70": 82.05128205128204, "max_moving_average_80": 76.92307692307693, "max_moving_average_90": 70.0, "max_value_matrix": {"delay_session": 5, "moving_average": 20, "value": 84.21052631578947}, "moving_average_range": 10, "predict_delay_session_list": [1, 3, 5, 10, 20], "value_matrix": [[14.285714285714285, 38.095238095238095, 47.61904761904761, 52.38095238095239, 76.19047619047619], [64.28571428571429, 77.5, 84.21052631578947, 78.78787878787878, 62.5], [60.46511627906976, 75.60975609756098, 82.05128205128204, 76.47058823529412, 62.5], [60.46511627906976, 75.60975609756098, 82.05128205128204, 76.47058823529412, 58.333333333333336], [60.0, 69.76744186046511, 73.17073170731707, 66.66666666666666, 61.53846153846154], [60.46511627906976, 73.17073170731707, 79.48717948717949, 73.52941176470588, 62.5], [60.46511627906976, 75.60975609756098, 82.05128205128204, 76.47058823529412, 58.333333333333336], [60.46511627906976, 70.73170731707317, 76.92307692307693, 70.58823529411765, 62.5], [59.09090909090909, 69.04761904761905, 70.0, 62.857142857142854, 68.0], [59.09090909090909, 71.42857142857143, 77.5, 71.42857142857143, 64.0]]}}