{"30": {"max_delay_session_1": 55.172413793103445, "max_delay_session_10": 75.80645161290323, "max_delay_session_20": 84.61538461538461, "max_delay_session_3": 58.620689655172406, "max_delay_session_5": 52.63157894736842, "max_moving_average_10": 59.64912280701754, "max_moving_average_100": 80.76923076923077, "max_moving_average_20": 70.37037037037037, "max_moving_average_30": 62.5, "max_moving_average_40": 74.0, "max_moving_average_50": 84.61538461538461, "max_moving_average_60": 78.18181818181819, "max_moving_average_70": 81.13207547169812, "max_moving_average_80": 80.76923076923077, "max_moving_average_90": 77.19298245614034, "max_value_matrix": {"delay_session": 20, "moving_average": 50, "value": 84.61538461538461}, "moving_average_range": 10, "predict_delay_session_list": [1, 3, 5, 10, 20], "value_matrix": [[50.0, 53.44827586206896, 50.0, 59.64912280701754, 57.14285714285714], [50.0, 54.83870967741935, 47.540983606557376, 65.0, 70.37037037037037], [55.172413793103445, 58.620689655172406, 52.63157894736842, 62.5, 61.111111111111114], [48.4375, 50.79365079365079, 45.90163934426229, 67.79661016949152, 74.0], [44.61538461538462, 52.307692307692314, 50.79365079365079, 75.40983606557377, 84.61538461538461], [46.26865671641791, 53.73134328358209, 49.23076923076923, 73.01587301587301, 78.18181818181819], [46.96969696969697, 54.54545454545454, 50.0, 75.80645161290323, 81.13207547169812], [47.69230769230769, 53.84615384615385, 50.79365079365079, 75.40983606557377, 80.76923076923077], [46.3768115942029, 54.41176470588235, 50.0, 71.875, 77.19298245614034], [46.03174603174603, 52.38095238095239, 48.38709677419355, 75.40983606557377, 80.76923076923077]]}}