{"30": {"max_delay_session_1": 54.14364640883977, "max_delay_session_10": 65.9090909090909, "max_delay_session_20": 67.41573033707866, "max_delay_session_3": 64.28571428571429, "max_delay_session_5": 61.66666666666667, "max_moving_average_10": 66.08187134502924, "max_moving_average_100": 66.27906976744185, "max_moving_average_20": 65.47619047619048, "max_moving_average_30": 65.51724137931035, "max_moving_average_40": 67.06586826347305, "max_moving_average_50": 65.88235294117646, "max_moving_average_60": 67.41573033707866, "max_moving_average_70": 66.86046511627907, "max_moving_average_80": 65.51724137931035, "max_moving_average_90": 66.10169491525424, "max_value_matrix": {"delay_session": 20, "moving_average": 60, "value": 67.41573033707866}, "moving_average_range": 10, "predict_delay_session_list": [1, 3, 5, 10, 20], "value_matrix": [[52.910052910052904, 63.829787234042556, 61.29032258064516, 63.53591160220995, 66.08187134502924], [51.91256830601093, 64.28571428571429, 59.66850828729282, 61.5819209039548, 65.47619047619048], [52.12765957446809, 62.23404255319149, 58.82352941176471, 62.841530054644814, 65.51724137931035], [54.14364640883977, 64.08839779005525, 61.66666666666667, 65.9090909090909, 67.06586826347305], [52.17391304347826, 63.04347826086957, 60.10928961748634, 64.24581005586593, 65.88235294117646], [51.28205128205128, 63.4020618556701, 60.416666666666664, 63.63636363636363, 67.41573033707866], [49.73821989528796, 60.84656084656085, 59.893048128342244, 62.08791208791209, 66.86046511627907], [50.79365079365079, 60.84656084656085, 60.1063829787234, 63.04347826086957, 65.51724137931035], [50.0, 61.34020618556701, 58.854166666666664, 62.03208556149733, 66.10169491525424], [51.61290322580645, 62.365591397849464, 59.45945945945946, 63.53591160220995, 66.27906976744185]]}}