{"30": {"max_delay_session_1": 54.54545454545454, "max_delay_session_10": 35.294117647058826, "max_delay_session_20": 20.0, "max_delay_session_3": 38.88888888888889, "max_delay_session_5": 46.666666666666664, "max_moving_average_10": 41.17647058823529, "max_moving_average_100": 47.05882352941176, "max_moving_average_20": 33.33333333333333, "max_moving_average_30": 54.54545454545454, "max_moving_average_40": 36.36363636363637, "max_moving_average_50": 44.44444444444444, "max_moving_average_60": 42.10526315789473, "max_moving_average_70": 38.88888888888889, "max_moving_average_80": 47.368421052631575, "max_moving_average_90": 40.0, "max_value_matrix": {"delay_session": 1, "moving_average": 30, "value": 54.54545454545454}, "moving_average_range": 10, "predict_delay_session_list": [1, 3, 5, 10, 20], "value_matrix": [[41.17647058823529, 13.333333333333334, 7.142857142857142, 0.0, 0.0], [33.33333333333333, 18.75, 6.25, 7.142857142857142, 0.0], [54.54545454545454, 22.22222222222222, 33.33333333333333, 22.22222222222222, 0.0], [36.36363636363637, 11.11111111111111, 11.11111111111111, 12.5, 0.0], [40.0, 38.88888888888889, 44.44444444444444, 35.294117647058826, 14.285714285714285], [42.10526315789473, 35.294117647058826, 41.17647058823529, 31.25, 16.666666666666664], [38.88888888888889, 31.25, 37.5, 26.666666666666668, 20.0], [47.368421052631575, 35.294117647058826, 41.17647058823529, 33.33333333333333, 20.0], [40.0, 15.384615384615385, 30.76923076923077, 16.666666666666664, 0.0], [47.05882352941176, 33.33333333333333, 46.666666666666664, 26.666666666666668, 16.666666666666664]]}}