{"30": {"max_delay_session_1": 31.958762886597935, "max_delay_session_10": 48.10810810810811, "max_delay_session_20": 51.70454545454546, "max_delay_session_3": 43.22916666666667, "max_delay_session_5": 46.31578947368421, "max_moving_average_10": 46.44808743169399, "max_moving_average_100": 47.64397905759162, "max_moving_average_20": 51.70454545454546, "max_moving_average_30": 46.96132596685083, "max_moving_average_40": 48.53801169590643, "max_moving_average_50": 47.56756756756757, "max_moving_average_60": 46.524064171122994, "max_moving_average_70": 46.06741573033708, "max_moving_average_80": 47.179487179487175, "max_moving_average_90": 47.56756756756757, "max_value_matrix": {"delay_session": 20, "moving_average": 20, "value": 51.70454545454546}, "moving_average_range": 10, "predict_delay_session_list": [1, 3, 5, 10, 20], "value_matrix": [[29.850746268656714, 40.20100502512563, 44.16243654822335, 46.35416666666667, 46.44808743169399], [31.958762886597935, 43.22916666666667, 46.31578947368421, 48.10810810810811, 51.70454545454546], [28.643216080402013, 40.609137055837564, 42.56410256410256, 45.26315789473684, 46.96132596685083], [26.984126984126984, 40.64171122994652, 43.78378378378379, 42.77777777777778, 48.53801169590643], [28.57142857142857, 40.298507462686565, 42.211055276381906, 46.391752577319586, 47.56756756756757], [29.901960784313726, 39.90147783251231, 43.28358208955223, 46.42857142857143, 46.524064171122994], [27.55102040816326, 39.175257731958766, 43.22916666666667, 44.919786096256686, 46.06741573033708], [29.7029702970297, 40.099009900990104, 43.5, 47.179487179487175, 46.774193548387096], [29.850746268656714, 40.79601990049751, 43.21608040201005, 46.90721649484536, 47.56756756756757], [28.934010152284262, 38.578680203045685, 43.87755102040816, 47.64397905759162, 45.05494505494506]]}}