{"30": {"max_delay_session_1": 50.0, "max_delay_session_10": 58.620689655172406, "max_delay_session_20": 48.529411764705884, "max_delay_session_3": 52.054794520547944, "max_delay_session_5": 56.09756097560976, "max_moving_average_10": 56.557377049180324, "max_moving_average_100": 58.620689655172406, "max_moving_average_20": 56.55172413793104, "max_moving_average_30": 57.638888888888886, "max_moving_average_40": 58.156028368794324, "max_moving_average_50": 57.24137931034483, "max_moving_average_60": 58.333333333333336, "max_moving_average_70": 57.534246575342465, "max_moving_average_80": 56.42857142857143, "max_moving_average_90": 57.931034482758626, "max_value_matrix": {"delay_session": 10, "moving_average": 100, "value": 58.620689655172406}, "moving_average_range": 10, "predict_delay_session_list": [1, 3, 5, 10, 20], "value_matrix": [[44.71544715447154, 52.03252032520326, 56.09756097560976, 56.557377049180324, 45.83333333333333], [48.64864864864865, 51.35135135135135, 54.421768707483, 56.55172413793104, 48.201438848920866], [44.29530201342282, 51.67785234899329, 53.74149659863946, 57.638888888888886, 47.76119402985074], [45.20547945205479, 51.369863013698634, 52.77777777777778, 58.156028368794324, 46.21212121212121], [45.57823129251701, 51.02040816326531, 55.47945205479452, 57.24137931034483, 47.794117647058826], [50.0, 52.054794520547944, 55.172413793103445, 58.333333333333336, 48.529411764705884], [45.63758389261745, 51.67785234899329, 54.729729729729726, 57.534246575342465, 48.175182481751825], [44.966442953020135, 50.34013605442177, 53.103448275862064, 56.42857142857143, 45.38461538461539], [47.61904761904761, 51.02040816326531, 54.109589041095894, 57.931034482758626, 47.10144927536232], [43.91891891891892, 51.35135135135135, 54.794520547945204, 58.620689655172406, 46.666666666666664]]}}