{"30": {"max_delay_session_1": 46.03174603174603, "max_delay_session_10": 50.0, "max_delay_session_20": 42.19653179190752, "max_delay_session_3": 45.19774011299435, "max_delay_session_5": 46.15384615384615, "max_moving_average_10": 49.09090909090909, "max_moving_average_100": 47.953216374269005, "max_moving_average_20": 48.57142857142857, "max_moving_average_30": 50.0, "max_moving_average_40": 47.953216374269005, "max_moving_average_50": 49.122807017543856, "max_moving_average_60": 49.18032786885246, "max_moving_average_70": 47.368421052631575, "max_moving_average_80": 48.23529411764706, "max_moving_average_90": 48.04469273743017, "max_value_matrix": {"delay_session": 10, "moving_average": 30, "value": 50.0}, "moving_average_range": 10, "predict_delay_session_list": [1, 3, 5, 10, 20], "value_matrix": [[44.18604651162791, 45.02923976608187, 46.15384615384615, 49.09090909090909, 41.935483870967744], [45.604395604395606, 44.19889502762431, 45.2513966480447, 48.57142857142857, 40.0], [41.9753086419753, 42.857142857142854, 45.28301886792453, 50.0, 41.66666666666667], [41.340782122905026, 41.01123595505618, 44.31818181818182, 47.953216374269005, 39.75155279503105], [39.8876404494382, 40.67796610169492, 44.57142857142857, 49.122807017543856, 40.993788819875775], [46.03174603174603, 44.680851063829785, 44.623655913978496, 49.18032786885246, 42.19653179190752], [45.50561797752809, 45.19774011299435, 45.14285714285714, 47.368421052631575, 40.993788819875775], [39.548022598870055, 40.340909090909086, 44.252873563218394, 48.23529411764706, 38.125], [45.40540540540541, 42.934782608695656, 43.956043956043956, 48.04469273743017, 40.23668639053255], [39.8876404494382, 40.11299435028249, 44.0, 47.953216374269005, 39.75155279503105]]}}