{"30": {"max_delay_session_1": 60.0, "max_delay_session_10": 91.66666666666666, "max_delay_session_20": 100.0, "max_delay_session_3": 70.83333333333334, "max_delay_session_5": 69.23076923076923, "max_moving_average_10": 100.0, "max_moving_average_100": 100.0, "max_moving_average_20": 100.0, "max_moving_average_30": 100.0, "max_moving_average_40": 100.0, "max_moving_average_50": 100.0, "max_moving_average_60": 100.0, "max_moving_average_70": 100.0, "max_moving_average_80": 100.0, "max_moving_average_90": 100.0, "max_value_matrix": {"delay_session": 20, "moving_average": 10, "value": 100.0}, "moving_average_range": 10, "predict_delay_session_list": [1, 3, 5, 10, 20], "value_matrix": [[51.61290322580645, 58.620689655172406, 62.96296296296296, 90.9090909090909, 100.0], [53.125, 56.666666666666664, 64.28571428571429, 91.30434782608695, 100.0], [51.515151515151516, 58.06451612903226, 65.51724137931035, 91.66666666666666, 100.0], [53.125, 56.666666666666664, 64.28571428571429, 91.30434782608695, 100.0], [50.0, 56.666666666666664, 64.28571428571429, 91.30434782608695, 100.0], [53.125, 56.666666666666664, 64.28571428571429, 91.30434782608695, 100.0], [51.61290322580645, 58.620689655172406, 62.96296296296296, 90.9090909090909, 100.0], [60.0, 70.83333333333334, 62.5, 90.0, 100.0], [53.125, 56.666666666666664, 64.28571428571429, 91.30434782608695, 100.0], [56.666666666666664, 67.85714285714286, 69.23076923076923, 90.47619047619048, 100.0]]}}