{"30": {"max_delay_session_1": 63.23529411764706, "max_delay_session_10": 56.390977443609025, "max_delay_session_20": 51.181102362204726, "max_delay_session_3": 62.96296296296296, "max_delay_session_5": 57.77777777777777, "max_moving_average_10": 53.41614906832298, "max_moving_average_100": 59.25925925925925, "max_moving_average_20": 51.57232704402516, "max_moving_average_30": 59.71223021582733, "max_moving_average_40": 63.23529411764706, "max_moving_average_50": 57.961783439490446, "max_moving_average_60": 61.07382550335571, "max_moving_average_70": 57.92682926829268, "max_moving_average_80": 57.49999999999999, "max_moving_average_90": 60.0, "max_value_matrix": {"delay_session": 1, "moving_average": 40, "value": 63.23529411764706}, "moving_average_range": 10, "predict_delay_session_list": [1, 3, 5, 10, 20], "value_matrix": [[53.41614906832298, 47.16981132075472, 49.044585987261144, 46.75324675324675, 42.567567567567565], [51.57232704402516, 49.044585987261144, 46.794871794871796, 44.44444444444444, 42.857142857142854], [48.92086330935252, 59.71223021582733, 51.07913669064749, 52.17391304347826, 47.368421052631575], [63.23529411764706, 62.96296296296296, 57.77777777777777, 56.390977443609025, 51.181102362204726], [53.79746835443038, 57.961783439490446, 52.86624203821656, 51.28205128205128, 44.89795918367347], [53.333333333333336, 61.07382550335571, 53.02013422818792, 51.35135135135135, 45.0], [53.333333333333336, 57.92682926829268, 54.268292682926834, 52.760736196319016, 46.103896103896105], [53.75, 57.49999999999999, 54.37499999999999, 51.57232704402516, 44.73684210526316], [57.615894039735096, 60.0, 57.333333333333336, 55.70469798657718, 47.482014388489205], [50.37037037037037, 59.25925925925925, 52.59259259259259, 52.23880597014925, 48.837209302325576]]}}