{"30": {"max_delay_session_1": 51.11111111111111, "max_delay_session_10": 52.34375, "max_delay_session_20": 60.97560975609756, "max_delay_session_3": 51.127819548872175, "max_delay_session_5": 51.42857142857142, "max_moving_average_10": 55.46875, "max_moving_average_100": 51.162790697674424, "max_moving_average_20": 60.97560975609756, "max_moving_average_30": 54.83870967741935, "max_moving_average_40": 50.0, "max_moving_average_50": 54.761904761904766, "max_moving_average_60": 49.6551724137931, "max_moving_average_70": 51.127819548872175, "max_moving_average_80": 54.61538461538461, "max_moving_average_90": 53.48837209302325, "max_value_matrix": {"delay_session": 20, "moving_average": 20, "value": 60.97560975609756}, "moving_average_range": 10, "predict_delay_session_list": [1, 3, 5, 10, 20], "value_matrix": [[45.39007092198582, 47.482014388489205, 49.64028776978417, 50.0, 55.46875], [51.11111111111111, 51.127819548872175, 50.37593984962406, 52.34375, 60.97560975609756], [49.26470588235294, 50.37037037037037, 50.37037037037037, 50.76923076923077, 54.83870967741935], [42.758620689655174, 45.13888888888889, 48.61111111111111, 48.92086330935252, 50.0], [47.794117647058826, 46.666666666666664, 47.40740740740741, 46.92307692307692, 54.761904761904766], [42.06896551724138, 44.827586206896555, 49.6551724137931, 49.28571428571429, 49.24242424242424], [43.44827586206896, 45.83333333333333, 49.30555555555556, 48.92086330935252, 51.127819548872175], [48.9051094890511, 48.529411764705884, 49.26470588235294, 47.76119402985074, 54.61538461538461], [47.5177304964539, 48.57142857142857, 51.42857142857142, 50.37037037037037, 53.48837209302325], [45.13888888888889, 47.183098591549296, 48.59154929577465, 48.175182481751825, 51.162790697674424]]}}