{"30": {"max_delay_session_1": 56.75675675675676, "max_delay_session_10": 66.08187134502924, "max_delay_session_20": 75.77639751552795, "max_delay_session_3": 61.224489795918366, "max_delay_session_5": 61.48648648648649, "max_moving_average_10": 70.50359712230215, "max_moving_average_100": 75.77639751552795, "max_moving_average_20": 68.70229007633588, "max_moving_average_30": 68.14814814814815, "max_moving_average_40": 66.43835616438356, "max_moving_average_50": 64.23357664233576, "max_moving_average_60": 66.17647058823529, "max_moving_average_70": 64.44444444444444, "max_moving_average_80": 65.71428571428571, "max_moving_average_90": 63.23529411764706, "max_value_matrix": {"delay_session": 20, "moving_average": 100, "value": 75.77639751552795}, "moving_average_range": 10, "predict_delay_session_list": [1, 3, 5, 10, 20], "value_matrix": [[50.98039215686274, 59.47712418300654, 59.86842105263158, 60.13513513513513, 70.50359712230215], [51.048951048951054, 59.44055944055944, 58.45070422535211, 59.71223021582733, 68.70229007633588], [54.729729729729726, 59.45945945945946, 59.45945945945946, 61.111111111111114, 68.14814814814815], [54.088050314465406, 60.37735849056604, 59.11949685534591, 58.70967741935483, 66.43835616438356], [54.666666666666664, 59.333333333333336, 58.666666666666664, 59.589041095890416, 64.23357664233576], [54.729729729729726, 60.810810810810814, 61.48648648648649, 61.37931034482759, 66.17647058823529], [55.10204081632652, 61.224489795918366, 60.544217687074834, 59.02777777777778, 64.44444444444444], [51.298701298701296, 58.44155844155844, 57.7922077922078, 57.333333333333336, 65.71428571428571], [56.75675675675676, 60.810810810810814, 60.810810810810814, 60.0, 63.23529411764706], [53.072625698324025, 56.74157303370787, 58.52272727272727, 66.08187134502924, 75.77639751552795]]}}