{"30": {"max_delay_session_1": 49.152542372881356, "max_delay_session_10": 39.285714285714285, "max_delay_session_20": 42.857142857142854, "max_delay_session_3": 42.241379310344826, "max_delay_session_5": 45.614035087719294, "max_moving_average_10": 46.95652173913044, "max_moving_average_100": 48.30508474576271, "max_moving_average_20": 43.859649122807014, "max_moving_average_30": 45.94594594594595, "max_moving_average_40": 45.614035087719294, "max_moving_average_50": 43.859649122807014, "max_moving_average_60": 45.45454545454545, "max_moving_average_70": 45.04504504504504, "max_moving_average_80": 43.58974358974359, "max_moving_average_90": 49.152542372881356, "max_value_matrix": {"delay_session": 1, "moving_average": 90, "value": 49.152542372881356}, "moving_average_range": 10, "predict_delay_session_list": [1, 3, 5, 10, 20], "value_matrix": [[46.95652173913044, 41.5929203539823, 44.14414414414414, 37.61467889908257, 37.86407766990291], [43.859649122807014, 38.392857142857146, 42.72727272727273, 34.25925925925926, 33.663366336633665], [45.94594594594595, 38.53211009174312, 42.05607476635514, 36.19047619047619, 34.65346534653465], [45.614035087719294, 40.17857142857143, 41.81818181818181, 36.11111111111111, 35.57692307692308], [43.859649122807014, 39.285714285714285, 41.81818181818181, 36.69724770642202, 35.23809523809524], [45.45454545454545, 37.03703703703704, 40.56603773584906, 34.61538461538461, 34.0], [45.04504504504504, 36.69724770642202, 41.1214953271028, 35.23809523809524, 33.663366336633665], [43.58974358974359, 38.26086956521739, 42.47787610619469, 35.13513513513514, 33.65384615384615], [49.152542372881356, 42.241379310344826, 45.614035087719294, 39.285714285714285, 42.857142857142854], [48.30508474576271, 42.241379310344826, 45.614035087719294, 39.285714285714285, 42.857142857142854]]}}