{"30": {"max_delay_session_1": 38.095238095238095, "max_delay_session_10": 42.73504273504273, "max_delay_session_20": 39.49579831932773, "max_delay_session_3": 48.739495798319325, "max_delay_session_5": 51.28205128205128, "max_moving_average_10": 51.28205128205128, "max_moving_average_100": 47.32142857142857, "max_moving_average_20": 48.67256637168141, "max_moving_average_30": 50.42016806722689, "max_moving_average_40": 49.59349593495935, "max_moving_average_50": 47.82608695652174, "max_moving_average_60": 47.41379310344828, "max_moving_average_70": 47.32142857142857, "max_moving_average_80": 48.57142857142857, "max_moving_average_90": 48.54368932038835, "max_value_matrix": {"delay_session": 5, "moving_average": 10, "value": 51.28205128205128}, "moving_average_range": 10, "predict_delay_session_list": [1, 3, 5, 10, 20], "value_matrix": [[36.36363636363637, 48.739495798319325, 51.28205128205128, 42.73504273504273, 38.73873873873874], [34.18803418803419, 46.08695652173913, 48.67256637168141, 39.823008849557525, 35.18518518518518], [35.77235772357724, 47.93388429752066, 50.42016806722689, 42.016806722689076, 38.93805309734513], [35.43307086614173, 46.400000000000006, 49.59349593495935, 42.27642276422765, 39.49579831932773], [33.61344537815126, 46.15384615384615, 47.82608695652174, 40.0, 38.18181818181819], [34.166666666666664, 44.91525423728814, 47.41379310344828, 40.51724137931034, 37.27272727272727], [36.84210526315789, 47.32142857142857, 47.27272727272727, 40.909090909090914, 36.53846153846153], [37.38317757009346, 48.57142857142857, 48.54368932038835, 41.74757281553398, 37.11340206185567], [38.095238095238095, 48.54368932038835, 48.51485148514851, 41.584158415841586, 37.89473684210527], [34.21052631578947, 47.32142857142857, 47.27272727272727, 40.909090909090914, 36.19047619047619]]}}