{"30": {"max_delay_session_1": 54.32098765432099, "max_delay_session_10": 63.23529411764706, "max_delay_session_20": 65.45454545454545, "max_delay_session_3": 50.70422535211267, "max_delay_session_5": 59.42028985507246, "max_moving_average_10": 59.42028985507246, "max_moving_average_100": 58.666666666666664, "max_moving_average_20": 63.33333333333333, "max_moving_average_30": 65.45454545454545, "max_moving_average_40": 62.5, "max_moving_average_50": 59.45945945945946, "max_moving_average_60": 63.793103448275865, "max_moving_average_70": 62.5, "max_moving_average_80": 58.44155844155844, "max_moving_average_90": 59.45945945945946, "max_value_matrix": {"delay_session": 20, "moving_average": 30, "value": 65.45454545454545}, "moving_average_range": 10, "predict_delay_session_list": [1, 3, 5, 10, 20], "value_matrix": [[45.20547945205479, 50.70422535211267, 59.42028985507246, 57.8125, 48.148148148148145], [51.89873417721519, 50.649350649350644, 57.333333333333336, 62.857142857142854, 63.33333333333333], [51.35135135135135, 50.0, 55.714285714285715, 61.53846153846154, 65.45454545454545], [54.32098765432099, 50.63291139240506, 53.246753246753244, 62.5, 61.29032258064516], [51.80722891566265, 49.382716049382715, 51.89873417721519, 59.45945945945946, 57.8125], [53.246753246753244, 50.66666666666667, 53.42465753424658, 63.23529411764706, 63.793103448275865], [54.32098765432099, 49.36708860759494, 53.246753246753244, 62.5, 59.67741935483871], [52.32558139534884, 47.61904761904761, 50.0, 58.44155844155844, 55.223880597014926], [53.01204819277109, 46.913580246913575, 51.89873417721519, 59.45945945945946, 57.8125], [51.19047619047619, 48.78048780487805, 51.24999999999999, 58.666666666666664, 58.46153846153847]]}}