{"30": {"max_delay_session_1": 61.53846153846154, "max_delay_session_10": 23.076923076923077, "max_delay_session_20": 7.6923076923076925, "max_delay_session_3": 46.15384615384615, "max_delay_session_5": 46.15384615384615, "max_moving_average_10": 47.368421052631575, "max_moving_average_100": 50.0, "max_moving_average_20": 50.0, "max_moving_average_30": 46.666666666666664, "max_moving_average_40": 61.53846153846154, "max_moving_average_50": 53.84615384615385, "max_moving_average_60": 46.15384615384615, "max_moving_average_70": 50.0, "max_moving_average_80": 53.333333333333336, "max_moving_average_90": 50.0, "max_value_matrix": {"delay_session": 1, "moving_average": 40, "value": 61.53846153846154}, "moving_average_range": 10, "predict_delay_session_list": [1, 3, 5, 10, 20], "value_matrix": [[47.368421052631575, 36.84210526315789, 31.57894736842105, 15.789473684210526, 5.263157894736842], [50.0, 43.75, 37.5, 18.75, 6.666666666666667], [46.666666666666664, 40.0, 33.33333333333333, 13.333333333333334, 0.0], [61.53846153846154, 46.15384615384615, 46.15384615384615, 23.076923076923077, 7.6923076923076925], [53.84615384615385, 38.46153846153847, 38.46153846153847, 15.384615384615385, 0.0], [46.15384615384615, 38.46153846153847, 30.76923076923077, 7.6923076923076925, 0.0], [50.0, 35.714285714285715, 35.714285714285715, 14.285714285714285, 0.0], [53.333333333333336, 40.0, 40.0, 20.0, 7.142857142857142], [50.0, 35.714285714285715, 35.714285714285715, 14.285714285714285, 0.0], [50.0, 35.714285714285715, 35.714285714285715, 14.285714285714285, 0.0]]}}