{"30": {"max_delay_session_1": 52.63157894736842, "max_delay_session_10": 67.64705882352942, "max_delay_session_20": 66.66666666666666, "max_delay_session_3": 57.446808510638306, "max_delay_session_5": 65.95744680851064, "max_moving_average_10": 65.71428571428571, "max_moving_average_100": 67.5, "max_moving_average_20": 65.85365853658537, "max_moving_average_30": 65.85365853658537, "max_moving_average_40": 65.95744680851064, "max_moving_average_50": 65.95744680851064, "max_moving_average_60": 65.0, "max_moving_average_70": 63.26530612244898, "max_moving_average_80": 66.66666666666666, "max_moving_average_90": 67.64705882352942, "max_value_matrix": {"delay_session": 10, "moving_average": 90, "value": 67.64705882352942}, "moving_average_range": 10, "predict_delay_session_list": [1, 3, 5, 10, 20], "value_matrix": [[50.0, 57.14285714285714, 62.5, 65.71428571428571, 58.620689655172406], [46.0, 56.25, 65.21739130434783, 65.85365853658537, 58.06451612903226], [46.0, 56.25, 65.21739130434783, 65.85365853658537, 58.06451612903226], [45.09803921568628, 57.14285714285714, 65.95744680851064, 64.28571428571429, 56.25], [45.09803921568628, 57.14285714285714, 65.95744680851064, 64.28571428571429, 56.25], [46.93877551020408, 57.446808510638306, 64.44444444444444, 65.0, 60.0], [43.39622641509434, 56.86274509803921, 63.26530612244898, 61.36363636363637, 52.94117647058824], [52.38095238095239, 55.00000000000001, 64.1025641025641, 66.66666666666666, 62.06896551724138], [52.63157894736842, 55.55555555555556, 60.0, 67.64705882352942, 66.66666666666666], [51.11111111111111, 56.81818181818182, 65.9090909090909, 67.5, 60.0]]}}