{"30": {"max_delay_session_1": 63.63636363636363, "max_delay_session_10": 69.23076923076923, "max_delay_session_20": 72.22222222222221, "max_delay_session_3": 72.72727272727273, "max_delay_session_5": 68.18181818181817, "max_moving_average_10": 58.82352941176471, "max_moving_average_100": 61.29032258064516, "max_moving_average_20": 72.22222222222221, "max_moving_average_30": 58.333333333333336, "max_moving_average_40": 64.28571428571429, "max_moving_average_50": 59.25925925925925, "max_moving_average_60": 57.14285714285714, "max_moving_average_70": 50.0, "max_moving_average_80": 55.00000000000001, "max_moving_average_90": 72.72727272727273, "max_value_matrix": {"delay_session": 3, "moving_average": 90, "value": 72.72727272727273}, "moving_average_range": 10, "predict_delay_session_list": [1, 3, 5, 10, 20], "value_matrix": [[50.0, 56.666666666666664, 56.666666666666664, 57.692307692307686, 58.82352941176471], [63.33333333333333, 64.28571428571429, 62.96296296296296, 69.23076923076923, 72.22222222222221], [57.692307692307686, 52.0, 48.0, 54.54545454545454, 58.333333333333336], [62.96296296296296, 60.0, 58.333333333333336, 60.86956521739131, 64.28571428571429], [55.172413793103445, 59.25925925925925, 53.84615384615385, 54.166666666666664, 57.14285714285714], [56.00000000000001, 56.00000000000001, 52.0, 54.166666666666664, 57.14285714285714], [50.0, 50.0, 46.15384615384615, 50.0, 50.0], [48.64864864864865, 48.64864864864865, 45.714285714285715, 43.333333333333336, 55.00000000000001], [63.63636363636363, 72.72727272727273, 68.18181818181817, 68.18181818181817, 62.5], [58.06451612903226, 61.29032258064516, 58.620689655172406, 53.84615384615385, 58.82352941176471]]}}