{"30": {"max_delay_session_1": 45.27027027027027, "max_delay_session_10": 43.103448275862064, "max_delay_session_20": 38.547486033519554, "max_delay_session_3": 46.3855421686747, "max_delay_session_5": 45.14285714285714, "max_moving_average_10": 45.16129032258064, "max_moving_average_100": 45.50561797752809, "max_moving_average_20": 44.15584415584416, "max_moving_average_30": 44.0, "max_moving_average_40": 41.61490683229814, "max_moving_average_50": 45.27027027027027, "max_moving_average_60": 45.45454545454545, "max_moving_average_70": 43.452380952380956, "max_moving_average_80": 46.3855421686747, "max_moving_average_90": 45.744680851063826, "max_value_matrix": {"delay_session": 3, "moving_average": 80, "value": 46.3855421686747}, "moving_average_range": 10, "predict_delay_session_list": [1, 3, 5, 10, 20], "value_matrix": [[41.935483870967744, 45.16129032258064, 42.857142857142854, 43.04635761589404, 34.24657534246575], [42.2077922077922, 44.15584415584416, 41.17647058823529, 40.0, 32.41379310344827], [40.397350993377486, 41.72185430463576, 44.0, 40.136054421768705, 33.098591549295776], [39.75155279503105, 41.61490683229814, 40.625, 38.853503184713375, 32.23684210526316], [45.27027027027027, 45.27027027027027, 44.89795918367347, 40.0, 33.33333333333333], [40.909090909090914, 45.45454545454545, 45.14285714285714, 41.86046511627907, 36.52694610778443], [42.857142857142854, 43.452380952380956, 41.31736526946108, 41.104294478527606, 33.54430379746836], [40.36144578313253, 46.3855421686747, 44.24242424242424, 40.74074074074074, 36.94267515923567], [39.8936170212766, 45.744680851063826, 43.85026737967914, 42.934782608695656, 38.547486033519554], [40.44943820224719, 45.50561797752809, 44.06779661016949, 43.103448275862064, 38.46153846153847]]}}