{"30": {"max_delay_session_1": 63.63636363636363, "max_delay_session_10": 73.68421052631578, "max_delay_session_20": 81.81818181818183, "max_delay_session_3": 60.0, "max_delay_session_5": 70.83333333333334, "max_moving_average_10": 80.0, "max_moving_average_100": 60.0, "max_moving_average_20": 80.0, "max_moving_average_30": 75.0, "max_moving_average_40": 77.77777777777779, "max_moving_average_50": 80.0, "max_moving_average_60": 81.81818181818183, "max_moving_average_70": 77.77777777777779, "max_moving_average_80": 80.0, "max_moving_average_90": 81.81818181818183, "max_value_matrix": {"delay_session": 20, "moving_average": 60, "value": 81.81818181818183}, "moving_average_range": 10, "predict_delay_session_list": [1, 3, 5, 10, 20], "value_matrix": [[54.166666666666664, 54.166666666666664, 68.18181818181817, 68.42105263157895, 80.0], [63.63636363636363, 59.09090909090909, 68.18181818181817, 73.68421052631578, 80.0], [60.86956521739131, 56.52173913043478, 63.63636363636363, 66.66666666666666, 75.0], [54.166666666666664, 54.166666666666664, 68.18181818181817, 68.42105263157895, 77.77777777777779], [60.86956521739131, 56.52173913043478, 69.56521739130434, 70.0, 80.0], [60.0, 60.0, 70.83333333333334, 71.42857142857143, 81.81818181818183], [56.52173913043478, 56.52173913043478, 68.18181818181817, 68.42105263157895, 77.77777777777779], [58.333333333333336, 58.333333333333336, 66.66666666666666, 70.0, 80.0], [57.692307692307686, 57.692307692307686, 70.83333333333334, 71.42857142857143, 81.81818181818183], [47.82608695652174, 47.61904761904761, 55.00000000000001, 60.0, 60.0]]}}