{"30": {"max_delay_session_1": 56.015037593984964, "max_delay_session_10": 66.53846153846153, "max_delay_session_20": 74.23076923076923, "max_delay_session_3": 60.150375939849624, "max_delay_session_5": 62.878787878787875, "max_moving_average_10": 68.98954703832753, "max_moving_average_100": 73.06273062730627, "max_moving_average_20": 70.56603773584905, "max_moving_average_30": 72.11895910780669, "max_moving_average_40": 72.05882352941177, "max_moving_average_50": 71.42857142857143, "max_moving_average_60": 71.27272727272728, "max_moving_average_70": 74.11764705882354, "max_moving_average_80": 74.23076923076923, "max_moving_average_90": 72.11895910780669, "max_value_matrix": {"delay_session": 20, "moving_average": 80, "value": 74.23076923076923}, "moving_average_range": 10, "predict_delay_session_list": [1, 3, 5, 10, 20], "value_matrix": [[50.0, 57.284768211920536, 58.666666666666664, 61.016949152542374, 68.98954703832753], [55.39568345323741, 59.42028985507246, 59.48905109489051, 63.56877323420075, 70.56603773584905], [53.79061371841155, 58.54545454545455, 60.43956043956044, 64.68401486988847, 72.11895910780669], [53.92857142857142, 58.27338129496403, 60.507246376811594, 64.33823529411765, 72.05882352941177], [52.77777777777778, 57.34265734265735, 59.50704225352113, 63.21428571428571, 71.42857142857143], [51.9434628975265, 56.58362989323843, 59.49820788530465, 63.272727272727266, 71.27272727272728], [56.015037593984964, 59.46969696969697, 61.832061068702295, 65.75875486381322, 74.11764705882354], [55.223880597014926, 60.150375939849624, 62.878787878787875, 66.53846153846153, 74.23076923076923], [52.34657039711191, 58.54545454545455, 61.172161172161175, 64.31226765799256, 72.11895910780669], [53.04659498207885, 58.844765342960294, 61.45454545454545, 65.68265682656826, 73.06273062730627]]}}