{"30": {"max_delay_session_1": 60.36585365853659, "max_delay_session_10": 55.828220858895705, "max_delay_session_20": 50.967741935483865, "max_delay_session_3": 67.07317073170732, "max_delay_session_5": 60.36585365853659, "max_moving_average_10": 52.121212121212125, "max_moving_average_100": 61.53846153846154, "max_moving_average_20": 60.91954022988506, "max_moving_average_30": 59.195402298850574, "max_moving_average_40": 60.91954022988506, "max_moving_average_50": 63.030303030303024, "max_moving_average_60": 57.48502994011976, "max_moving_average_70": 63.095238095238095, "max_moving_average_80": 67.07317073170732, "max_moving_average_90": 66.66666666666666, "max_value_matrix": {"delay_session": 3, "moving_average": 80, "value": 67.07317073170732}, "moving_average_range": 10, "predict_delay_session_list": [1, 3, 5, 10, 20], "value_matrix": [[50.0, 52.121212121212125, 49.09090909090909, 49.68944099378882, 49.03225806451613], [59.77011494252874, 60.91954022988506, 55.74712643678161, 52.32558139534884, 48.466257668711656], [58.620689655172406, 59.195402298850574, 54.59770114942529, 51.162790697674424, 46.34146341463415], [58.04597701149425, 60.91954022988506, 55.172413793103445, 52.90697674418605, 48.466257668711656], [58.78787878787879, 63.030303030303024, 55.15151515151515, 54.32098765432099, 49.673202614379086], [55.688622754491014, 57.48502994011976, 50.898203592814376, 48.78048780487805, 45.806451612903224], [58.333333333333336, 63.095238095238095, 57.14285714285714, 53.89221556886228, 48.10126582278481], [60.36585365853659, 67.07317073170732, 60.36585365853659, 55.828220858895705, 50.967741935483865], [60.0, 66.66666666666666, 60.0, 54.87804878048781, 49.358974358974365], [57.396449704142015, 61.53846153846154, 53.84615384615385, 53.01204819277109, 49.044585987261144]]}}