{"30": {"max_delay_session_1": 52.702702702702695, "max_delay_session_10": 56.16438356164384, "max_delay_session_20": 63.888888888888886, "max_delay_session_3": 52.17391304347826, "max_delay_session_5": 53.42465753424658, "max_moving_average_10": 62.857142857142854, "max_moving_average_100": 62.903225806451616, "max_moving_average_20": 60.75949367088608, "max_moving_average_30": 63.888888888888886, "max_moving_average_40": 63.38028169014085, "max_moving_average_50": 60.0, "max_moving_average_60": 58.730158730158735, "max_moving_average_70": 60.810810810810814, "max_moving_average_80": 59.375, "max_moving_average_90": 60.317460317460316, "max_value_matrix": {"delay_session": 20, "moving_average": 30, "value": 63.888888888888886}, "moving_average_range": 10, "predict_delay_session_list": [1, 3, 5, 10, 20], "value_matrix": [[52.702702702702695, 52.054794520547944, 53.42465753424658, 56.16438356164384, 62.857142857142854], [38.75, 44.303797468354425, 50.63291139240506, 54.43037974683544, 60.75949367088608], [48.68421052631579, 47.2972972972973, 47.2972972972973, 55.4054054054054, 63.888888888888886], [48.717948717948715, 44.73684210526316, 44.73684210526316, 54.666666666666664, 63.38028169014085], [50.70422535211267, 47.82608695652174, 49.275362318840585, 48.529411764705884, 60.0], [50.70422535211267, 49.275362318840585, 50.72463768115942, 50.0, 58.730158730158735], [44.871794871794876, 42.10526315789473, 44.73684210526316, 52.0, 60.810810810810814], [48.61111111111111, 50.0, 52.85714285714286, 47.82608695652174, 59.375], [49.29577464788733, 47.82608695652174, 52.17391304347826, 47.05882352941176, 60.317460317460316], [52.112676056338024, 52.17391304347826, 52.17391304347826, 51.470588235294116, 62.903225806451616]]}}