{"30": {"max_delay_session_1": 64.86486486486487, "max_delay_session_10": 74.35897435897436, "max_delay_session_20": 62.06896551724138, "max_delay_session_3": 71.42857142857143, "max_delay_session_5": 75.0, "max_moving_average_10": 68.29268292682927, "max_moving_average_100": 61.111111111111114, "max_moving_average_20": 61.53846153846154, "max_moving_average_30": 62.5, "max_moving_average_40": 65.85365853658537, "max_moving_average_50": 75.0, "max_moving_average_60": 61.904761904761905, "max_moving_average_70": 58.536585365853654, "max_moving_average_80": 74.28571428571429, "max_moving_average_90": 62.857142857142854, "max_value_matrix": {"delay_session": 5, "moving_average": 50, "value": 75.0}, "moving_average_range": 10, "predict_delay_session_list": [1, 3, 5, 10, 20], "value_matrix": [[52.083333333333336, 58.69565217391305, 65.9090909090909, 68.29268292682927, 46.875], [61.53846153846154, 56.75675675675676, 57.14285714285714, 48.38709677419355, 25.0], [44.44444444444444, 53.48837209302325, 60.97560975609756, 62.5, 42.42424242424242], [45.65217391304348, 54.54545454545454, 61.904761904761905, 65.85365853658537, 45.45454545454545], [63.829787234042556, 68.88888888888889, 75.0, 74.35897435897436, 62.06896551724138], [61.904761904761905, 50.0, 55.26315789473685, 52.77777777777778, 28.125], [58.536585365853654, 53.84615384615385, 51.35135135135135, 42.42424242424242, 25.0], [64.86486486486487, 71.42857142857143, 71.42857142857143, 74.28571428571429, 61.53846153846154], [52.38095238095239, 57.49999999999999, 60.526315789473685, 62.857142857142854, 51.85185185185185], [61.111111111111114, 58.82352941176471, 56.25, 42.857142857142854, 25.0]]}}