{"30": {"max_delay_session_1": 59.25925925925925, "max_delay_session_10": 45.90163934426229, "max_delay_session_20": 56.60377358490566, "max_delay_session_3": 65.67164179104478, "max_delay_session_5": 55.38461538461539, "max_moving_average_10": 65.38461538461539, "max_moving_average_100": 60.29411764705882, "max_moving_average_20": 63.793103448275865, "max_moving_average_30": 59.09090909090909, "max_moving_average_40": 59.70149253731343, "max_moving_average_50": 65.67164179104478, "max_moving_average_60": 61.53846153846154, "max_moving_average_70": 62.903225806451616, "max_moving_average_80": 62.295081967213115, "max_moving_average_90": 65.15151515151516, "max_value_matrix": {"delay_session": 3, "moving_average": 50, "value": 65.67164179104478}, "moving_average_range": 10, "predict_delay_session_list": [1, 3, 5, 10, 20], "value_matrix": [[59.25925925925925, 65.38461538461539, 54.0, 38.297872340425535, 42.22222222222222], [58.333333333333336, 63.793103448275865, 50.0, 40.74074074074074, 44.0], [52.94117647058824, 59.09090909090909, 47.69230769230769, 40.98360655737705, 48.07692307692308], [52.17391304347826, 59.70149253731343, 51.515151515151516, 40.32258064516129, 50.943396226415096], [57.971014492753625, 65.67164179104478, 55.38461538461539, 45.90163934426229, 56.60377358490566], [53.73134328358209, 61.53846153846154, 49.2063492063492, 40.67796610169492, 52.0], [54.6875, 62.903225806451616, 49.18032786885246, 42.10526315789473, 48.0], [52.38095238095239, 62.295081967213115, 48.333333333333336, 39.285714285714285, 45.83333333333333], [58.82352941176471, 65.15151515151516, 53.125, 44.26229508196721, 54.71698113207547], [52.85714285714286, 60.29411764705882, 48.484848484848484, 40.32258064516129, 50.0]]}}