{"30": {"max_delay_session_1": 51.533742331288344, "max_delay_session_10": 71.27071823204419, "max_delay_session_20": 75.33333333333333, "max_delay_session_3": 55.376344086021504, "max_delay_session_5": 62.5, "max_moving_average_10": 74.85380116959064, "max_moving_average_100": 74.67532467532467, "max_moving_average_20": 73.25581395348837, "max_moving_average_30": 72.94117647058823, "max_moving_average_40": 73.54838709677419, "max_moving_average_50": 72.84768211920529, "max_moving_average_60": 71.00591715976331, "max_moving_average_70": 71.5909090909091, "max_moving_average_80": 72.35294117647058, "max_moving_average_90": 75.33333333333333, "max_value_matrix": {"delay_session": 20, "moving_average": 90, "value": 75.33333333333333}, "moving_average_range": 10, "predict_delay_session_list": [1, 3, 5, 10, 20], "value_matrix": [[50.0, 55.376344086021504, 62.5, 71.27071823204419, 74.85380116959064], [50.0, 54.3010752688172, 60.32608695652174, 66.29834254143645, 73.25581395348837], [49.18918918918919, 55.19125683060109, 60.22099447513812, 66.4804469273743, 72.94117647058823], [47.337278106508876, 54.166666666666664, 61.67664670658682, 68.48484848484848, 73.54838709677419], [50.0, 53.65853658536586, 61.963190184049076, 68.32298136645963, 72.84768211920529], [45.108695652173914, 50.0, 56.353591160220994, 64.60674157303372, 71.00591715976331], [46.1139896373057, 52.35602094240838, 59.25925925925925, 66.66666666666666, 71.5909090909091], [46.48648648648649, 51.36612021857923, 60.43956043956044, 67.22222222222223, 72.35294117647058], [51.533742331288344, 53.41614906832298, 60.0, 68.9873417721519, 75.33333333333333], [49.700598802395206, 52.121212121212125, 60.0, 69.93865030674846, 74.67532467532467]]}}