{"30": {"max_delay_session_1": 51.11111111111111, "max_delay_session_10": 45.348837209302324, "max_delay_session_20": 50.63291139240506, "max_delay_session_3": 54.54545454545454, "max_delay_session_5": 51.13636363636363, "max_moving_average_10": 50.53763440860215, "max_moving_average_100": 51.68539325842697, "max_moving_average_20": 53.40909090909091, "max_moving_average_30": 54.54545454545454, "max_moving_average_40": 54.44444444444444, "max_moving_average_50": 52.80898876404494, "max_moving_average_60": 48.78048780487805, "max_moving_average_70": 51.13636363636363, "max_moving_average_80": 53.76344086021505, "max_moving_average_90": 49.411764705882355, "max_value_matrix": {"delay_session": 3, "moving_average": 30, "value": 54.54545454545454}, "moving_average_range": 10, "predict_delay_session_list": [1, 3, 5, 10, 20], "value_matrix": [[50.53763440860215, 49.45054945054945, 48.35164835164835, 42.22222222222222, 48.19277108433735], [51.11111111111111, 53.40909090909091, 46.590909090909086, 41.86046511627907, 45.45454545454545], [50.0, 54.54545454545454, 51.13636363636363, 45.348837209302324, 49.36708860759494], [50.0, 54.44444444444444, 51.11111111111111, 44.31818181818182, 50.63291139240506], [49.45054945054945, 52.80898876404494, 47.19101123595505, 40.229885057471265, 46.15384615384615], [47.61904761904761, 48.78048780487805, 47.5609756097561, 40.0, 44.44444444444444], [48.888888888888886, 51.13636363636363, 46.590909090909086, 38.82352941176471, 44.73684210526316], [49.473684210526315, 53.76344086021505, 50.53763440860215, 43.956043956043956, 49.382716049382715], [47.12643678160919, 49.411764705882355, 49.411764705882355, 42.68292682926829, 41.891891891891895], [50.54945054945055, 51.68539325842697, 46.06741573033708, 39.53488372093023, 42.857142857142854]]}}