{"30": {"max_delay_session_1": 60.0, "max_delay_session_10": 70.0, "max_delay_session_20": 50.0, "max_delay_session_3": 76.47058823529412, "max_delay_session_5": 79.41176470588235, "max_moving_average_10": 66.66666666666666, "max_moving_average_100": 68.57142857142857, "max_moving_average_20": 62.5, "max_moving_average_30": 74.19354838709677, "max_moving_average_40": 74.19354838709677, "max_moving_average_50": 79.41176470588235, "max_moving_average_60": 73.33333333333333, "max_moving_average_70": 74.28571428571429, "max_moving_average_80": 67.64705882352942, "max_moving_average_90": 60.71428571428571, "max_value_matrix": {"delay_session": 5, "moving_average": 50, "value": 79.41176470588235}, "moving_average_range": 10, "predict_delay_session_list": [1, 3, 5, 10, 20], "value_matrix": [[45.45454545454545, 64.51612903225806, 65.51724137931035, 66.66666666666666, 47.61904761904761], [55.55555555555556, 58.82352941176471, 62.5, 51.85185185185185, 15.789473684210526], [59.375, 74.19354838709677, 73.33333333333333, 65.38461538461539, 38.88888888888889], [59.375, 65.625, 74.19354838709677, 59.25925925925925, 35.294117647058826], [60.0, 76.47058823529412, 79.41176470588235, 70.0, 50.0], [56.25, 65.625, 73.33333333333333, 60.0, 46.666666666666664], [57.14285714285714, 71.42857142857143, 74.28571428571429, 64.51612903225806, 42.857142857142854], [55.26315789473685, 63.888888888888886, 67.64705882352942, 58.620689655172406, 36.84210526315789], [53.125, 56.666666666666664, 60.71428571428571, 47.82608695652174, 23.52941176470588], [56.75675675675676, 66.66666666666666, 68.57142857142857, 60.0, 40.0]]}}