{"30": {"max_delay_session_1": 55.78231292517006, "max_delay_session_10": 55.26315789473685, "max_delay_session_20": 57.03703703703704, "max_delay_session_3": 60.689655172413794, "max_delay_session_5": 60.689655172413794, "max_moving_average_10": 58.44155844155844, "max_moving_average_100": 58.3941605839416, "max_moving_average_20": 57.333333333333336, "max_moving_average_30": 57.51633986928104, "max_moving_average_40": 57.615894039735096, "max_moving_average_50": 56.666666666666664, "max_moving_average_60": 60.689655172413794, "max_moving_average_70": 57.14285714285714, "max_moving_average_80": 58.992805755395686, "max_moving_average_90": 57.89473684210527, "max_value_matrix": {"delay_session": 3, "moving_average": 60, "value": 60.689655172413794}, "moving_average_range": 10, "predict_delay_session_list": [1, 3, 5, 10, 20], "value_matrix": [[51.92307692307693, 58.44155844155844, 57.7922077922078, 55.26315789473685, 55.24475524475524], [52.5974025974026, 57.23684210526315, 57.333333333333336, 52.054794520547944, 54.41176470588235], [53.5483870967742, 57.51633986928104, 56.86274509803921, 52.980132450331126, 56.33802816901409], [53.59477124183007, 57.615894039735096, 55.62913907284768, 52.702702702702695, 56.83453237410072], [52.63157894736842, 56.666666666666664, 56.00000000000001, 52.702702702702695, 55.39568345323741], [55.78231292517006, 60.689655172413794, 60.689655172413794, 52.77777777777778, 57.03703703703704], [53.191489361702125, 57.14285714285714, 57.14285714285714, 52.85714285714286, 55.72519083969466], [52.4822695035461, 58.992805755395686, 58.992805755395686, 51.798561151079134, 54.61538461538461], [51.94805194805194, 57.89473684210527, 54.3046357615894, 52.348993288590606, 54.285714285714285], [52.51798561151079, 58.3941605839416, 58.3941605839416, 51.82481751824818, 54.6875]]}}