{"30": {"max_delay_session_1": 44.642857142857146, "max_delay_session_10": 51.02040816326531, "max_delay_session_20": 30.693069306930692, "max_delay_session_3": 50.90909090909091, "max_delay_session_5": 51.45631067961165, "max_moving_average_10": 51.45631067961165, "max_moving_average_100": 45.614035087719294, "max_moving_average_20": 43.39622641509434, "max_moving_average_30": 50.45871559633027, "max_moving_average_40": 50.92592592592593, "max_moving_average_50": 47.22222222222222, "max_moving_average_60": 50.90909090909091, "max_moving_average_70": 47.78761061946903, "max_moving_average_80": 45.94594594594595, "max_moving_average_90": 44.24778761061947, "max_value_matrix": {"delay_session": 5, "moving_average": 10, "value": 51.45631067961165}, "moving_average_range": 10, "predict_delay_session_list": [1, 3, 5, 10, 20], "value_matrix": [[42.05607476635514, 48.57142857142857, 51.45631067961165, 51.02040816326531, 27.77777777777778], [36.52173913043478, 42.47787610619469, 43.24324324324324, 43.39622641509434, 22.448979591836736], [42.3728813559322, 48.275862068965516, 49.122807017543856, 50.45871559633027, 28.000000000000004], [44.642857142857146, 50.90909090909091, 50.92592592592593, 48.54368932038835, 26.31578947368421], [39.285714285714285, 44.54545454545455, 47.22222222222222, 45.63106796116505, 24.210526315789473], [42.857142857142854, 49.572649572649574, 49.56521739130435, 50.90909090909091, 30.693069306930692], [38.46153846153847, 45.21739130434783, 47.78761061946903, 46.2962962962963, 26.262626262626267], [39.130434782608695, 45.13274336283185, 45.94594594594595, 45.28301886792453, 24.742268041237114], [38.26086956521739, 44.24778761061947, 43.24324324324324, 42.45283018867924, 22.448979591836736], [36.440677966101696, 43.103448275862064, 45.614035087719294, 44.95412844036697, 26.0]]}}