{"30": {"max_delay_session_1": 60.16260162601627, "max_delay_session_10": 55.140186915887845, "max_delay_session_20": 37.6, "max_delay_session_3": 52.28758169934641, "max_delay_session_5": 52.317880794701985, "max_moving_average_10": 60.16260162601627, "max_moving_average_100": 54.961832061068705, "max_moving_average_20": 58.26086956521739, "max_moving_average_30": 58.95522388059702, "max_moving_average_40": 50.0, "max_moving_average_50": 57.14285714285714, "max_moving_average_60": 53.90625, "max_moving_average_70": 53.78787878787878, "max_moving_average_80": 57.24137931034483, "max_moving_average_90": 58.06451612903226, "max_value_matrix": {"delay_session": 1, "moving_average": 10, "value": 60.16260162601627}, "moving_average_range": 10, "predict_delay_session_list": [1, 3, 5, 10, 20], "value_matrix": [[60.16260162601627, 52.066115702479344, 50.42016806722689, 42.3728813559322, 28.57142857142857], [58.26086956521739, 51.32743362831859, 52.25225225225225, 55.140186915887845, 35.051546391752574], [58.95522388059702, 51.515151515151516, 51.53846153846153, 51.162790697674424, 37.5], [50.0, 45.90163934426229, 45.83333333333333, 48.739495798319325, 30.275229357798167], [57.14285714285714, 51.449275362318836, 51.470588235294116, 50.74626865671642, 37.6], [53.90625, 47.61904761904761, 49.193548387096776, 51.26050420168067, 32.11009174311927], [53.78787878787878, 45.38461538461539, 45.3125, 49.2063492063492, 30.17241379310345], [57.24137931034483, 50.349650349650354, 49.645390070921984, 50.35971223021583, 36.15384615384615], [58.06451612903226, 52.28758169934641, 52.317880794701985, 46.97986577181208, 35.46099290780142], [54.961832061068705, 49.6124031007752, 51.181102362204726, 52.0, 35.65217391304348]]}}