{"30": {"max_delay_session_1": 63.47826086956522, "max_delay_session_10": 66.97247706422019, "max_delay_session_20": 62.62626262626263, "max_delay_session_3": 70.79646017699115, "max_delay_session_5": 66.07142857142857, "max_moving_average_10": 63.24786324786324, "max_moving_average_100": 70.79646017699115, "max_moving_average_20": 65.54621848739495, "max_moving_average_30": 66.66666666666666, "max_moving_average_40": 64.60176991150442, "max_moving_average_50": 64.40677966101694, "max_moving_average_60": 65.2542372881356, "max_moving_average_70": 62.903225806451616, "max_moving_average_80": 63.33333333333333, "max_moving_average_90": 63.02521008403361, "max_value_matrix": {"delay_session": 3, "moving_average": 100, "value": 70.79646017699115}, "moving_average_range": 10, "predict_delay_session_list": [1, 3, 5, 10, 20], "value_matrix": [[59.66386554621849, 63.24786324786324, 62.06896551724138, 59.64912280701754, 54.807692307692314], [58.67768595041323, 65.54621848739495, 64.1025641025641, 64.91228070175438, 58.65384615384615], [59.83606557377049, 66.66666666666666, 65.54621848739495, 64.1025641025641, 59.813084112149525], [58.119658119658126, 63.47826086956522, 64.34782608695652, 64.60176991150442, 59.22330097087378], [57.49999999999999, 63.559322033898304, 64.40677966101694, 62.93103448275862, 57.54716981132076], [58.333333333333336, 65.2542372881356, 64.1025641025641, 63.1578947368421, 58.65384615384615], [57.936507936507944, 62.903225806451616, 62.903225806451616, 61.47540983606557, 56.25], [54.91803278688525, 62.5, 63.33333333333333, 63.24786324786324, 57.009345794392516], [56.19834710743802, 62.18487394957983, 63.02521008403361, 61.53846153846154, 57.009345794392516], [63.47826086956522, 70.79646017699115, 66.07142857142857, 66.97247706422019, 62.62626262626263]]}}