{"30": {"max_delay_session_1": 57.46268656716418, "max_delay_session_10": 63.1578947368421, "max_delay_session_20": 65.71428571428571, "max_delay_session_3": 59.3984962406015, "max_delay_session_5": 60.902255639097746, "max_moving_average_10": 64.23841059602648, "max_moving_average_100": 62.4, "max_moving_average_20": 62.7906976744186, "max_moving_average_30": 64.92537313432835, "max_moving_average_40": 62.4, "max_moving_average_50": 65.71428571428571, "max_moving_average_60": 65.21739130434783, "max_moving_average_70": 62.7906976744186, "max_moving_average_80": 64.4927536231884, "max_moving_average_90": 65.32258064516128, "max_value_matrix": {"delay_session": 20, "moving_average": 50, "value": 65.71428571428571}, "moving_average_range": 10, "predict_delay_session_list": [1, 3, 5, 10, 20], "value_matrix": [[49.404761904761905, 51.204819277108435, 53.04878048780488, 58.38509316770186, 64.23841059602648], [52.054794520547944, 54.166666666666664, 56.33802816901409, 61.15107913669065, 62.7906976744186], [54.36241610738255, 57.14285714285714, 57.14285714285714, 62.5, 64.92537313432835], [53.333333333333336, 57.03703703703704, 57.03703703703704, 61.48148148148148, 62.4], [54.43037974683544, 55.769230769230774, 57.14285714285714, 60.66666666666667, 65.71428571428571], [53.896103896103895, 54.60526315789473, 55.62913907284768, 59.45945945945946, 65.21739130434783], [55.00000000000001, 57.55395683453237, 57.55395683453237, 61.15107913669065, 62.7906976744186], [54.248366013071895, 54.966887417218544, 56.00000000000001, 59.45945945945946, 64.4927536231884], [57.46268656716418, 59.3984962406015, 60.902255639097746, 63.1578947368421, 65.32258064516128], [53.333333333333336, 57.03703703703704, 57.03703703703704, 61.48148148148148, 62.4]]}}