{"30": {"max_delay_session_1": 70.0, "max_delay_session_10": 100.0, "max_delay_session_20": 100.0, "max_delay_session_3": 83.33333333333334, "max_delay_session_5": 81.25, "max_moving_average_10": 58.06451612903226, "max_moving_average_100": 62.5, "max_moving_average_20": 60.0, "max_moving_average_30": 62.5, "max_moving_average_40": 61.53846153846154, "max_moving_average_50": 64.0, "max_moving_average_60": 65.0, "max_moving_average_70": 61.53846153846154, "max_moving_average_80": 100.0, "max_moving_average_90": 65.0, "max_value_matrix": {"delay_session": 10, "moving_average": 80, "value": 100.0}, "moving_average_range": 10, "predict_delay_session_list": [1, 3, 5, 10, 20], "value_matrix": [[50.0, 55.26315789473685, 55.55555555555556, 58.06451612903226, 47.82608695652174], [55.88235294117647, 53.125, 53.333333333333336, 60.0, 27.77777777777778], [57.57575757575758, 54.83870967741935, 58.620689655172406, 62.5, 35.294117647058826], [45.45454545454545, 55.00000000000001, 50.0, 61.53846153846154, 12.5], [52.94117647058824, 53.125, 50.0, 64.0, 33.33333333333333], [58.620689655172406, 59.25925925925925, 60.0, 65.0, 38.46153846153847], [54.285714285714285, 54.54545454545454, 51.61290322580645, 61.53846153846154, 31.57894736842105], [70.0, 83.33333333333334, 81.25, 100.0, 100.0], [55.172413793103445, 55.55555555555556, 56.00000000000001, 65.0, 38.46153846153847], [54.54545454545454, 54.83870967741935, 55.172413793103445, 62.5, 35.294117647058826]]}}