{"30": {"max_delay_session_1": 74.54545454545455, "max_delay_session_10": 100.0, "max_delay_session_20": 100.0, "max_delay_session_3": 79.24528301886792, "max_delay_session_5": 84.31372549019608, "max_moving_average_10": 100.0, "max_moving_average_100": 100.0, "max_moving_average_20": 100.0, "max_moving_average_30": 100.0, "max_moving_average_40": 100.0, "max_moving_average_50": 100.0, "max_moving_average_60": 100.0, "max_moving_average_70": 100.0, "max_moving_average_80": 100.0, "max_moving_average_90": 100.0, "max_value_matrix": {"delay_session": 10, "moving_average": 100, "value": 100.0}, "moving_average_range": 10, "predict_delay_session_list": [1, 3, 5, 10, 20], "value_matrix": [[68.25396825396825, 73.77049180327869, 79.66101694915254, 92.5925925925926, 100.0], [65.15151515151516, 73.4375, 79.03225806451613, 92.98245614035088, 100.0], [65.625, 74.19354838709677, 78.33333333333333, 92.72727272727272, 100.0], [66.15384615384615, 73.01587301587301, 78.68852459016394, 92.85714285714286, 100.0], [64.0625, 72.58064516129032, 78.33333333333333, 92.72727272727272, 100.0], [64.0625, 72.58064516129032, 78.33333333333333, 92.72727272727272, 100.0], [65.07936507936508, 72.1311475409836, 77.96610169491525, 92.5925925925926, 100.0], [65.15151515151516, 73.4375, 79.03225806451613, 92.98245614035088, 100.0], [65.07936507936508, 73.77049180327869, 77.96610169491525, 92.5925925925926, 100.0], [74.54545454545455, 79.24528301886792, 84.31372549019608, 100.0, 100.0]]}}