{"30": {"max_delay_session_1": 54.02298850574713, "max_delay_session_10": 61.0, "max_delay_session_20": 47.42268041237113, "max_delay_session_3": 59.25925925925925, "max_delay_session_5": 55.294117647058826, "max_moving_average_10": 58.536585365853654, "max_moving_average_100": 58.4070796460177, "max_moving_average_20": 51.42857142857142, "max_moving_average_30": 59.25925925925925, "max_moving_average_40": 48.113207547169814, "max_moving_average_50": 55.23809523809524, "max_moving_average_60": 59.25925925925925, "max_moving_average_70": 61.0, "max_moving_average_80": 53.333333333333336, "max_moving_average_90": 58.65384615384615, "max_value_matrix": {"delay_session": 10, "moving_average": 70, "value": 61.0}, "moving_average_range": 10, "predict_delay_session_list": [1, 3, 5, 10, 20], "value_matrix": [[54.02298850574713, 55.81395348837209, 55.294117647058826, 58.536585365853654, 46.57534246575342], [49.056603773584904, 51.42857142857142, 46.601941747572816, 45.45454545454545, 36.26373626373626], [52.63157894736842, 55.75221238938053, 49.557522123893804, 59.25925925925925, 43.13725490196079], [44.339622641509436, 48.113207547169814, 46.15384615384615, 47.474747474747474, 34.04255319148936], [51.886792452830186, 55.23809523809524, 48.54368932038835, 50.505050505050505, 37.362637362637365], [49.54128440366973, 59.25925925925925, 54.629629629629626, 58.490566037735846, 47.42268041237113], [50.98039215686274, 58.415841584158414, 51.48514851485149, 61.0, 44.565217391304344], [46.42857142857143, 53.153153153153156, 51.37614678899083, 53.333333333333336, 42.42424242424242], [47.22222222222222, 55.660377358490564, 51.886792452830186, 58.65384615384615, 45.744680851063826], [49.57983193277311, 54.700854700854705, 52.991452991452995, 58.4070796460177, 45.63106796116505]]}}