{"30": {"max_delay_session_1": 61.53846153846154, "max_delay_session_10": 57.291666666666664, "max_delay_session_20": 62.35294117647059, "max_delay_session_3": 62.745098039215684, "max_delay_session_5": 60.0, "max_moving_average_10": 62.745098039215684, "max_moving_average_100": 58.97435897435898, "max_moving_average_20": 61.53846153846154, "max_moving_average_30": 60.91954022988506, "max_moving_average_40": 59.49367088607595, "max_moving_average_50": 61.224489795918366, "max_moving_average_60": 60.204081632653065, "max_moving_average_70": 60.46511627906976, "max_moving_average_80": 62.22222222222222, "max_moving_average_90": 60.0, "max_value_matrix": {"delay_session": 3, "moving_average": 10, "value": 62.745098039215684}, "moving_average_range": 10, "predict_delay_session_list": [1, 3, 5, 10, 20], "value_matrix": [[61.53846153846154, 62.745098039215684, 57.99999999999999, 56.84210526315789, 62.35294117647059], [61.53846153846154, 60.0, 59.09090909090909, 56.470588235294116, 57.333333333333336], [59.43396226415094, 59.61538461538461, 56.86274509803921, 54.63917525773196, 60.91954022988506], [57.291666666666664, 56.84210526315789, 56.98924731182796, 56.17977528089888, 59.49367088607595], [61.224489795918366, 59.79381443298969, 60.0, 57.14285714285714, 60.49382716049383], [60.204081632653065, 58.76288659793815, 58.94736842105262, 54.94505494505495, 58.0246913580247], [55.23809523809524, 56.310679611650485, 55.44554455445545, 57.291666666666664, 60.46511627906976], [54.12844036697248, 55.140186915887845, 54.285714285714285, 56.00000000000001, 62.22222222222222], [60.0, 56.730769230769226, 56.86274509803921, 55.10204081632652, 57.95454545454546], [56.25, 56.38297872340425, 55.434782608695656, 55.68181818181818, 58.97435897435898]]}}