{"30": {"max_delay_session_1": 52.85714285714286, "max_delay_session_10": 50.72463768115942, "max_delay_session_20": 58.778625954198475, "max_delay_session_3": 57.24137931034483, "max_delay_session_5": 58.620689655172406, "max_moving_average_10": 57.24137931034483, "max_moving_average_100": 57.432432432432435, "max_moving_average_20": 57.35294117647059, "max_moving_average_30": 55.319148936170215, "max_moving_average_40": 55.14705882352941, "max_moving_average_50": 57.04225352112676, "max_moving_average_60": 58.620689655172406, "max_moving_average_70": 57.04697986577181, "max_moving_average_80": 58.778625954198475, "max_moving_average_90": 58.57142857142858, "max_value_matrix": {"delay_session": 20, "moving_average": 80, "value": 58.778625954198475}, "moving_average_range": 10, "predict_delay_session_list": [1, 3, 5, 10, 20], "value_matrix": [[47.61904761904761, 57.24137931034483, 55.94405594405595, 50.72463768115942, 56.25], [52.85714285714286, 55.072463768115945, 57.35294117647059, 48.854961832061065, 52.066115702479344], [48.96551724137931, 52.44755244755245, 55.319148936170215, 46.32352941176471, 50.79365079365079], [50.71428571428571, 54.347826086956516, 55.14705882352941, 47.32824427480916, 49.586776859504134], [49.31506849315068, 55.55555555555556, 57.04225352112676, 49.63503649635037, 54.330708661417326], [51.67785234899329, 55.10204081632652, 58.620689655172406, 50.0, 56.92307692307692], [47.05882352941176, 55.62913907284768, 57.04697986577181, 48.61111111111111, 55.223880597014926], [51.35135135135135, 56.849315068493155, 57.931034482758626, 49.645390070921984, 58.778625954198475], [50.0, 56.33802816901409, 58.57142857142858, 50.37037037037037, 55.2], [49.668874172185426, 55.70469798657718, 57.432432432432435, 48.61111111111111, 56.71641791044776]]}}