{"30": {"max_delay_session_1": 55.026455026455025, "max_delay_session_10": 66.13756613756614, "max_delay_session_20": 63.128491620111724, "max_delay_session_3": 67.02127659574468, "max_delay_session_5": 67.6056338028169, "max_moving_average_10": 64.56310679611651, "max_moving_average_100": 66.50246305418719, "max_moving_average_20": 66.66666666666666, "max_moving_average_30": 65.3061224489796, "max_moving_average_40": 64.1025641025641, "max_moving_average_50": 66.84491978609626, "max_moving_average_60": 66.84491978609626, "max_moving_average_70": 67.02127659574468, "max_moving_average_80": 66.13756613756614, "max_moving_average_90": 67.6056338028169, "max_value_matrix": {"delay_session": 5, "moving_average": 90, "value": 67.6056338028169}, "moving_average_range": 10, "predict_delay_session_list": [1, 3, 5, 10, 20], "value_matrix": [[50.96153846153846, 60.679611650485434, 64.56310679611651, 60.591133004926114, 60.913705583756354], [51.724137931034484, 63.18407960199005, 66.66666666666666, 63.81909547738693, 62.5], [51.010101010101, 63.26530612244898, 65.3061224489796, 64.43298969072166, 62.365591397849464], [47.71573604060914, 58.46153846153847, 64.1025641025641, 59.067357512953365, 59.45945945945946], [55.026455026455025, 65.24064171122996, 66.84491978609626, 63.78378378378379, 61.23595505617978], [51.32275132275132, 65.24064171122996, 66.84491978609626, 63.24324324324324, 61.016949152542374], [54.21052631578947, 67.02127659574468, 67.02127659574468, 66.12903225806451, 63.128491620111724], [52.84974093264248, 63.87434554973822, 65.96858638743456, 66.13756613756614, 60.98901098901099], [54.418604651162795, 61.03286384976526, 67.6056338028169, 63.33333333333333, 59.0], [50.73170731707317, 60.09852216748769, 66.50246305418719, 60.69651741293532, 59.58549222797927]]}}