{"30": {"max_delay_session_1": 60.49382716049383, "max_delay_session_10": 51.162790697674424, "max_delay_session_20": 43.373493975903614, "max_delay_session_3": 62.5, "max_delay_session_5": 50.57471264367817, "max_moving_average_10": 53.76344086021505, "max_moving_average_100": 62.5, "max_moving_average_20": 57.95454545454546, "max_moving_average_30": 60.49382716049383, "max_moving_average_40": 57.446808510638306, "max_moving_average_50": 58.69565217391305, "max_moving_average_60": 58.333333333333336, "max_moving_average_70": 59.34065934065934, "max_moving_average_80": 53.125, "max_moving_average_90": 49.532710280373834, "max_value_matrix": {"delay_session": 3, "moving_average": 100, "value": 62.5}, "moving_average_range": 10, "predict_delay_session_list": [1, 3, 5, 10, 20], "value_matrix": [[53.76344086021505, 51.64835164835166, 43.956043956043956, 40.0, 30.120481927710845], [57.95454545454546, 57.47126436781609, 46.51162790697674, 51.162790697674424, 41.55844155844156], [60.49382716049383, 60.0, 46.835443037974684, 50.63291139240506, 43.05555555555556], [55.208333333333336, 57.446808510638306, 48.38709677419355, 47.31182795698925, 37.64705882352941], [58.51063829787234, 58.69565217391305, 47.25274725274725, 49.45054945054945, 43.373493975903614], [56.97674418604651, 58.333333333333336, 45.78313253012048, 45.78313253012048, 37.333333333333336], [54.83870967741935, 59.34065934065934, 46.666666666666664, 51.11111111111111, 39.02439024390244], [53.06122448979592, 53.125, 44.21052631578947, 45.744680851063826, 34.11764705882353], [49.532710280373834, 48.57142857142857, 41.904761904761905, 44.66019417475729, 36.17021276595745], [60.0, 62.5, 50.57471264367817, 48.837209302325576, 38.75]]}}