{"30": {"max_delay_session_1": 67.28395061728395, "max_delay_session_10": 62.17948717948718, "max_delay_session_20": 67.83216783216784, "max_delay_session_3": 68.15286624203821, "max_delay_session_5": 65.21739130434783, "max_moving_average_10": 67.28395061728395, "max_moving_average_100": 67.83216783216784, "max_moving_average_20": 67.12328767123287, "max_moving_average_30": 67.12328767123287, "max_moving_average_40": 68.15286624203821, "max_moving_average_50": 64.97175141242938, "max_moving_average_60": 64.20454545454545, "max_moving_average_70": 66.87898089171973, "max_moving_average_80": 66.25766871165644, "max_moving_average_90": 67.3076923076923, "max_value_matrix": {"delay_session": 3, "moving_average": 40, "value": 68.15286624203821}, "moving_average_range": 10, "predict_delay_session_list": [1, 3, 5, 10, 20], "value_matrix": [[67.28395061728395, 67.08074534161491, 65.21739130434783, 60.75949367088608, 63.08724832214765], [60.37735849056604, 66.0377358490566, 63.52201257861635, 62.17948717948718, 67.12328767123287], [60.0, 66.875, 63.125, 62.17948717948718, 67.12328767123287], [61.146496815286625, 68.15286624203821, 63.05732484076433, 61.43790849673203, 65.73426573426573], [59.887005649717516, 64.97175141242938, 63.2768361581921, 60.69364161849711, 61.58536585365854], [59.09090909090909, 64.20454545454545, 61.93181818181818, 59.30232558139535, 62.34567901234568], [60.509554140127385, 66.87898089171973, 63.05732484076433, 61.68831168831169, 65.97222222222221], [60.122699386503065, 66.25766871165644, 61.963190184049076, 60.37735849056604, 65.1006711409396], [58.333333333333336, 67.3076923076923, 62.82051282051282, 61.68831168831169, 63.51351351351351], [58.59872611464968, 64.96815286624204, 63.05732484076433, 62.091503267973856, 67.83216783216784]]}}