{"30": {"max_delay_session_1": 70.0, "max_delay_session_10": 75.0, "max_delay_session_20": 100.0, "max_delay_session_3": 100.0, "max_delay_session_5": 100.0, "max_moving_average_10": 100.0, "max_moving_average_100": 100.0, "max_moving_average_20": 100.0, "max_moving_average_30": 100.0, "max_moving_average_40": 100.0, "max_moving_average_50": 100.0, "max_moving_average_60": 100.0, "max_moving_average_70": 100.0, "max_moving_average_80": 100.0, "max_moving_average_90": 100.0, "max_value_matrix": {"delay_session": 3, "moving_average": 60, "value": 100.0}, "moving_average_range": 10, "predict_delay_session_list": [1, 3, 5, 10, 20], "value_matrix": [[25.0, 33.33333333333333, 100.0, 0.0, 0.0], [62.5, 60.86956521739131, 54.54545454545454, 70.58823529411765, 100.0], [62.5, 60.86956521739131, 56.52173913043478, 72.22222222222221, 100.0], [70.0, 68.42105263157895, 52.63157894736842, 73.33333333333333, 100.0], [62.5, 60.86956521739131, 56.52173913043478, 72.22222222222221, 100.0], [0.0, 100.0, 0.0, 0.0, 0.0], [65.21739130434783, 59.09090909090909, 52.38095238095239, 70.58823529411765, 100.0], [63.63636363636363, 61.904761904761905, 50.0, 75.0, 100.0], [66.66666666666666, 65.0, 50.0, 75.0, 100.0], [20.0, 50.0, 100.0, 50.0, 0.0]]}}