{"30": {"max_delay_session_1": 62.22222222222222, "max_delay_session_10": 63.970588235294116, "max_delay_session_20": 58.26771653543307, "max_delay_session_3": 64.66165413533834, "max_delay_session_5": 58.778625954198475, "max_moving_average_10": 64.66165413533834, "max_moving_average_100": 59.09090909090909, "max_moving_average_20": 62.878787878787875, "max_moving_average_30": 59.859154929577464, "max_moving_average_40": 58.55263157894737, "max_moving_average_50": 58.38926174496645, "max_moving_average_60": 63.970588235294116, "max_moving_average_70": 64.17910447761194, "max_moving_average_80": 55.26315789473685, "max_moving_average_90": 56.209150326797385, "max_value_matrix": {"delay_session": 3, "moving_average": 10, "value": 64.66165413533834}, "moving_average_range": 10, "predict_delay_session_list": [1, 3, 5, 10, 20], "value_matrix": [[62.22222222222222, 64.66165413533834, 58.778625954198475, 62.99212598425197, 54.23728813559322], [59.70149253731343, 62.878787878787875, 57.692307692307686, 57.936507936507944, 51.26050420168067], [56.94444444444444, 59.859154929577464, 53.57142857142857, 58.82352941176471, 53.54330708661418], [57.14285714285714, 58.55263157894737, 54.0, 56.16438356164384, 49.63503649635037], [56.95364238410596, 58.38926174496645, 53.06122448979592, 56.25, 49.26470588235294], [58.620689655172406, 62.23776223776224, 56.02836879432624, 63.970588235294116, 58.26771653543307], [61.76470588235294, 64.17910447761194, 57.57575757575758, 60.15625, 55.833333333333336], [54.37499999999999, 55.06329113924051, 51.28205128205128, 55.26315789473685, 50.349650349650354], [54.37499999999999, 53.79746835443038, 51.92307692307693, 56.209150326797385, 50.69444444444444], [54.60992907801418, 58.27338129496403, 53.284671532846716, 59.09090909090909, 54.03225806451613]]}}