{"30": {"max_delay_session_1": 76.92307692307693, "max_delay_session_10": 67.85714285714286, "max_delay_session_20": 47.82608695652174, "max_delay_session_3": 70.27027027027027, "max_delay_session_5": 62.857142857142854, "max_moving_average_10": 68.88888888888889, "max_moving_average_100": 68.29268292682927, "max_moving_average_20": 70.0, "max_moving_average_30": 76.92307692307693, "max_moving_average_40": 75.0, "max_moving_average_50": 71.7948717948718, "max_moving_average_60": 70.58823529411765, "max_moving_average_70": 67.64705882352942, "max_moving_average_80": 69.23076923076923, "max_moving_average_90": 72.22222222222221, "max_value_matrix": {"delay_session": 1, "moving_average": 30, "value": 76.92307692307693}, "moving_average_range": 10, "predict_delay_session_list": [1, 3, 5, 10, 20], "value_matrix": [[68.88888888888889, 65.11627906976744, 58.536585365853654, 61.111111111111114, 39.285714285714285], [70.0, 62.06896551724138, 53.57142857142857, 62.5, 29.411764705882355], [76.92307692307693, 70.27027027027027, 62.857142857142854, 67.74193548387096, 47.82608695652174], [75.0, 66.66666666666666, 57.14285714285714, 66.66666666666666, 35.294117647058826], [71.7948717948718, 59.45945945945946, 57.14285714285714, 63.33333333333333, 40.909090909090914], [70.58823529411765, 62.5, 53.333333333333336, 61.53846153846154, 31.57894736842105], [67.64705882352942, 56.25, 50.0, 56.00000000000001, 27.77777777777778], [69.23076923076923, 54.054054054054056, 51.42857142857142, 53.333333333333336, 30.434782608695656], [72.22222222222221, 64.70588235294117, 56.25, 67.85714285714286, 42.857142857142854], [68.29268292682927, 53.84615384615385, 51.35135135135135, 56.25, 33.33333333333333]]}}