{"30": {"max_delay_session_1": 53.608247422680414, "max_delay_session_10": 53.2608695652174, "max_delay_session_20": 40.816326530612244, "max_delay_session_3": 44.329896907216494, "max_delay_session_5": 45.36082474226804, "max_moving_average_10": 51.0, "max_moving_average_100": 50.0, "max_moving_average_20": 53.2608695652174, "max_moving_average_30": 52.74725274725275, "max_moving_average_40": 51.45631067961165, "max_moving_average_50": 50.495049504950494, "max_moving_average_60": 53.608247422680414, "max_moving_average_70": 49.523809523809526, "max_moving_average_80": 51.546391752577314, "max_moving_average_90": 48.97959183673469, "max_value_matrix": {"delay_session": 1, "moving_average": 60, "value": 53.608247422680414}, "moving_average_range": 10, "predict_delay_session_list": [1, 3, 5, 10, 20], "value_matrix": [[47.524752475247524, 41.584158415841586, 42.57425742574257, 51.0, 39.795918367346935], [48.38709677419355, 41.935483870967744, 45.16129032258064, 53.2608695652174, 40.65934065934066], [47.31182795698925, 41.935483870967744, 43.01075268817204, 52.74725274725275, 40.0], [49.523809523809526, 40.95238095238095, 42.857142857142854, 51.45631067961165, 40.816326530612244], [48.54368932038835, 40.77669902912621, 42.71844660194174, 50.495049504950494, 39.58333333333333], [53.608247422680414, 44.329896907216494, 45.36082474226804, 47.42268041237113, 36.45833333333333], [48.598130841121495, 39.25233644859813, 42.05607476635514, 49.523809523809526, 39.39393939393939], [48.484848484848484, 41.41414141414141, 43.43434343434344, 51.546391752577314, 39.784946236559136], [47.0, 40.0, 42.0, 48.97959183673469, 40.20618556701031], [49.056603773584904, 40.56603773584906, 42.45283018867924, 50.0, 39.795918367346935]]}}