{"100": {"max_delay_session_1": 74.68354430379746, "max_delay_session_10": 62.66666666666667, "max_delay_session_20": 56.71641791044776, "max_delay_session_3": 78.94736842105263, "max_delay_session_5": 68.83116883116884, "max_moving_average_10": 68.91891891891892, "max_moving_average_100": 65.85365853658537, "max_moving_average_20": 70.37037037037037, "max_moving_average_30": 69.62025316455697, "max_moving_average_40": 70.12987012987013, "max_moving_average_50": 70.51282051282051, "max_moving_average_60": 75.0, "max_moving_average_70": 78.94736842105263, "max_moving_average_80": 67.53246753246754, "max_moving_average_90": 77.92207792207793, "max_value_matrix": {"delay_session": 3, "moving_average": 70, "value": 78.94736842105263}, "moving_average_range": 10, "predict_delay_session_list": [1, 3, 5, 10, 20], "value_matrix": [[63.51351351351351, 68.91891891891892, 66.21621621621621, 56.33802816901409, 53.2258064516129], [64.19753086419753, 70.37037037037037, 64.19753086419753, 53.16455696202531, 52.112676056338024], [63.74999999999999, 69.62025316455697, 63.29113924050633, 54.54545454545454, 52.17391304347826], [61.038961038961034, 70.12987012987013, 64.93506493506493, 58.108108108108105, 53.84615384615385], [65.82278481012658, 70.51282051282051, 62.82051282051282, 53.94736842105263, 52.94117647058824], [71.60493827160494, 75.0, 66.25, 58.97435897435898, 55.714285714285715], [74.35897435897436, 78.94736842105263, 68.42105263157895, 62.16216216216216, 56.71641791044776], [63.63636363636363, 67.53246753246754, 64.93506493506493, 55.4054054054054, 50.76923076923077], [74.68354430379746, 77.92207792207793, 68.83116883116884, 62.66666666666667, 56.71641791044776], [62.19512195121951, 65.85365853658537, 63.41463414634146, 58.22784810126582, 52.85714285714286]]}}