{"100": {"max_delay_session_1": 71.27659574468085, "max_delay_session_10": 68.47826086956522, "max_delay_session_20": 68.15642458100558, "max_delay_session_3": 77.6595744680851, "max_delay_session_5": 70.96774193548387, "max_moving_average_10": 70.46632124352331, "max_moving_average_100": 77.6595744680851, "max_moving_average_20": 73.62637362637363, "max_moving_average_30": 76.21621621621621, "max_moving_average_40": 76.88172043010752, "max_moving_average_50": 74.60317460317461, "max_moving_average_60": 76.34408602150538, "max_moving_average_70": 71.95767195767195, "max_moving_average_80": 77.00534759358288, "max_moving_average_90": 76.59574468085107, "max_value_matrix": {"delay_session": 3, "moving_average": 100, "value": 77.6595744680851}, "moving_average_range": 10, "predict_delay_session_list": [1, 3, 5, 10, 20], "value_matrix": [[66.66666666666666, 70.46632124352331, 63.730569948186535, 64.58333333333334, 63.18681318681318], [69.02173913043478, 73.62637362637363, 66.29834254143645, 65.0, 66.0919540229885], [70.05347593582889, 76.21621621621621, 70.1086956521739, 66.12021857923497, 67.2316384180791], [71.27659574468085, 76.88172043010752, 69.1891891891892, 68.47826086956522, 67.41573033707866], [70.15706806282722, 74.60317460317461, 68.08510638297872, 66.31016042780749, 66.29834254143645], [69.68085106382979, 76.34408602150538, 69.72972972972973, 67.3913043478261, 67.97752808988764], [67.01570680628272, 71.95767195767195, 64.02116402116403, 64.8936170212766, 62.56983240223464], [70.37037037037037, 77.00534759358288, 70.96774193548387, 68.10810810810811, 68.15642458100558], [67.89473684210526, 76.59574468085107, 68.98395721925134, 67.20430107526882, 67.22222222222223], [68.94736842105263, 77.6595744680851, 70.05347593582889, 67.20430107526882, 67.59776536312849]]}}