{"100": {"max_delay_session_1": 75.53191489361703, "max_delay_session_10": 51.64835164835166, "max_delay_session_20": 44.57831325301205, "max_delay_session_3": 75.0, "max_delay_session_5": 67.3913043478261, "max_moving_average_10": 67.70833333333334, "max_moving_average_100": 75.53191489361703, "max_moving_average_20": 66.3157894736842, "max_moving_average_30": 70.2127659574468, "max_moving_average_40": 72.04301075268818, "max_moving_average_50": 70.0, "max_moving_average_60": 70.65217391304348, "max_moving_average_70": 65.95744680851064, "max_moving_average_80": 72.52747252747253, "max_moving_average_90": 73.11827956989248, "max_value_matrix": {"delay_session": 1, "moving_average": 100, "value": 75.53191489361703}, "moving_average_range": 10, "predict_delay_session_list": [1, 3, 5, 10, 20], "value_matrix": [[67.70833333333334, 66.66666666666666, 58.333333333333336, 44.680851063829785, 41.86046511627907], [66.3157894736842, 64.21052631578948, 57.89473684210527, 45.16129032258064, 43.373493975903614], [70.2127659574468, 68.81720430107528, 62.365591397849464, 47.82608695652174, 40.0], [72.04301075268818, 71.73913043478261, 63.04347826086957, 48.35164835164835, 42.857142857142854], [70.0, 69.66292134831461, 61.79775280898876, 45.45454545454545, 40.74074074074074], [70.65217391304348, 70.32967032967034, 61.53846153846154, 44.44444444444444, 42.68292682926829], [65.95744680851064, 65.95744680851064, 60.63829787234043, 46.73913043478261, 42.857142857142854], [71.73913043478261, 72.52747252747253, 62.637362637362635, 47.77777777777778, 43.90243902439025], [72.63157894736842, 73.11827956989248, 64.51612903225806, 51.08695652173913, 44.047619047619044], [75.53191489361703, 75.0, 67.3913043478261, 51.64835164835166, 44.57831325301205]]}}