{"100": {"max_delay_session_1": 69.23076923076923, "max_delay_session_10": 81.81818181818183, "max_delay_session_20": 64.0, "max_delay_session_3": 83.78378378378379, "max_delay_session_5": 86.48648648648648, "max_moving_average_10": 86.48648648648648, "max_moving_average_100": 86.11111111111111, "max_moving_average_20": 86.48648648648648, "max_moving_average_30": 85.71428571428571, "max_moving_average_40": 84.61538461538461, "max_moving_average_50": 84.21052631578947, "max_moving_average_60": 86.11111111111111, "max_moving_average_70": 86.11111111111111, "max_moving_average_80": 85.71428571428571, "max_moving_average_90": 84.61538461538461, "max_value_matrix": {"delay_session": 5, "moving_average": 10, "value": 86.48648648648648}, "moving_average_range": 10, "predict_delay_session_list": [1, 3, 5, 10, 20], "value_matrix": [[65.85365853658537, 82.05128205128204, 86.48648648648648, 81.81818181818183, 62.5], [68.29268292682927, 82.05128205128204, 86.48648648648648, 81.81818181818183, 64.0], [68.42105263157895, 83.33333333333334, 85.71428571428571, 80.64516129032258, 60.86956521739131], [61.904761904761905, 77.5, 84.61538461538461, 79.41176470588235, 64.0], [63.41463414634146, 76.92307692307693, 84.21052631578947, 79.41176470588235, 64.0], [66.66666666666666, 81.08108108108108, 86.11111111111111, 81.25, 62.5], [69.23076923076923, 83.78378378378379, 86.11111111111111, 81.25, 62.5], [68.42105263157895, 83.33333333333334, 85.71428571428571, 80.64516129032258, 60.86956521739131], [60.46511627906976, 78.04878048780488, 84.61538461538461, 79.41176470588235, 62.5], [66.66666666666666, 81.08108108108108, 86.11111111111111, 81.25, 62.5]]}}