{"100": {"max_delay_session_1": 63.80368098159509, "max_delay_session_10": 72.32704402515722, "max_delay_session_20": 70.58823529411765, "max_delay_session_3": 73.29192546583852, "max_delay_session_5": 67.29559748427673, "max_moving_average_10": 68.67469879518072, "max_moving_average_100": 69.62025316455697, "max_moving_average_20": 70.625, "max_moving_average_30": 71.25, "max_moving_average_40": 68.29268292682927, "max_moving_average_50": 69.81132075471697, "max_moving_average_60": 70.51282051282051, "max_moving_average_70": 73.29192546583852, "max_moving_average_80": 66.4804469273743, "max_moving_average_90": 72.32704402515722, "max_value_matrix": {"delay_session": 3, "moving_average": 70, "value": 73.29192546583852}, "moving_average_range": 10, "predict_delay_session_list": [1, 3, 5, 10, 20], "value_matrix": [[57.831325301204814, 68.67469879518072, 65.66265060240963, 68.09815950920245, 68.38709677419355], [58.18181818181818, 68.71165644171779, 66.87116564417178, 70.625, 68.38709677419355], [60.73619631901841, 70.98765432098766, 67.28395061728395, 71.25, 70.3225806451613], [56.80473372781065, 65.47619047619048, 63.095238095238095, 68.29268292682927, 68.125], [59.25925925925925, 68.32298136645963, 65.83850931677019, 69.81132075471697, 68.83116883116884], [60.0, 68.90243902439023, 65.2439024390244, 69.75308641975309, 70.51282051282051], [63.80368098159509, 73.29192546583852, 67.08074534161491, 72.32704402515722, 70.58823529411765], [50.0, 62.30366492146597, 61.78010471204188, 62.76595744680851, 66.4804469273743], [63.35403726708074, 72.32704402515722, 67.29559748427673, 71.97452229299363, 70.39473684210526], [59.25925925925925, 67.08074534161491, 64.59627329192547, 69.62025316455697, 68.83116883116884]]}}