{"100": {"max_delay_session_1": 75.0, "max_delay_session_10": 56.86274509803921, "max_delay_session_20": 48.03921568627451, "max_delay_session_3": 72.38095238095238, "max_delay_session_5": 61.81818181818181, "max_moving_average_10": 72.32142857142857, "max_moving_average_100": 75.0, "max_moving_average_20": 75.0, "max_moving_average_30": 68.42105263157895, "max_moving_average_40": 72.38095238095238, "max_moving_average_50": 71.0, "max_moving_average_60": 73.14814814814815, "max_moving_average_70": 71.02803738317756, "max_moving_average_80": 72.47706422018348, "max_moving_average_90": 70.64220183486239, "max_value_matrix": {"delay_session": 1, "moving_average": 20, "value": 75.0}, "moving_average_range": 10, "predict_delay_session_list": [1, 3, 5, 10, 20], "value_matrix": [[72.32142857142857, 64.54545454545455, 61.81818181818181, 50.467289719626166, 44.44444444444444], [75.0, 67.9245283018868, 59.43396226415094, 50.48543689320388, 45.91836734693878], [68.42105263157895, 67.85714285714286, 60.71428571428571, 52.72727272727272, 48.03921568627451], [71.02803738317756, 72.38095238095238, 60.57692307692307, 56.86274509803921, 44.329896907216494], [71.0, 65.3061224489796, 58.16326530612245, 50.0, 41.75824175824176], [73.14814814814815, 67.9245283018868, 61.32075471698113, 52.42718446601942, 47.42268041237113], [70.64220183486239, 71.02803738317756, 58.490566037735846, 54.807692307692314, 43.43434343434344], [72.47706422018348, 71.96261682242991, 58.490566037735846, 55.769230769230774, 42.42424242424242], [70.27027027027027, 70.64220183486239, 59.25925925925925, 56.60377358490566, 45.09803921568628], [75.0, 69.81132075471697, 59.04761904761905, 51.9607843137255, 43.29896907216495]]}}