{"100": {"max_delay_session_1": 72.09302325581395, "max_delay_session_10": 62.5, "max_delay_session_20": 55.172413793103445, "max_delay_session_3": 81.3953488372093, "max_delay_session_5": 72.97297297297297, "max_moving_average_10": 73.80952380952381, "max_moving_average_100": 70.45454545454545, "max_moving_average_20": 78.37837837837837, "max_moving_average_30": 74.35897435897436, "max_moving_average_40": 78.04878048780488, "max_moving_average_50": 81.3953488372093, "max_moving_average_60": 75.0, "max_moving_average_70": 80.0, "max_moving_average_80": 80.48780487804879, "max_moving_average_90": 80.0, "max_value_matrix": {"delay_session": 3, "moving_average": 50, "value": 81.3953488372093}, "moving_average_range": 10, "predict_delay_session_list": [1, 3, 5, 10, 20], "value_matrix": [[66.66666666666666, 73.80952380952381, 64.28571428571429, 54.761904761904766, 48.484848484848484], [64.86486486486487, 78.37837837837837, 72.97297297297297, 56.75675675675676, 55.172413793103445], [66.66666666666666, 74.35897435897436, 64.1025641025641, 58.97435897435898, 55.172413793103445], [70.73170731707317, 78.04878048780488, 68.29268292682927, 60.97560975609756, 51.515151515151516], [72.09302325581395, 81.3953488372093, 67.44186046511628, 60.46511627906976, 47.05882352941176], [65.0, 75.0, 72.5, 60.0, 46.875], [67.5, 80.0, 70.0, 57.49999999999999, 46.875], [70.73170731707317, 80.48780487804879, 70.73170731707317, 60.97560975609756, 45.45454545454545], [70.0, 80.0, 70.0, 62.5, 46.875], [63.63636363636363, 70.45454545454545, 54.54545454545454, 57.14285714285714, 53.125]]}}