{"100": {"max_delay_session_1": 67.9245283018868, "max_delay_session_10": 60.810810810810814, "max_delay_session_20": 51.82481751824818, "max_delay_session_3": 70.70063694267516, "max_delay_session_5": 65.1006711409396, "max_moving_average_10": 63.87096774193548, "max_moving_average_100": 69.86301369863014, "max_moving_average_20": 69.79865771812081, "max_moving_average_30": 68.96551724137932, "max_moving_average_40": 68.21192052980133, "max_moving_average_50": 68.45637583892618, "max_moving_average_60": 69.12751677852349, "max_moving_average_70": 69.33333333333334, "max_moving_average_80": 67.33333333333333, "max_moving_average_90": 70.70063694267516, "max_value_matrix": {"delay_session": 3, "moving_average": 90, "value": 70.70063694267516}, "moving_average_range": 10, "predict_delay_session_list": [1, 3, 5, 10, 20], "value_matrix": [[60.89743589743589, 63.87096774193548, 60.3896103896104, 54.90196078431373, 48.275862068965516], [64.66666666666666, 69.79865771812081, 65.1006711409396, 59.45945945945946, 50.71428571428571], [63.44827586206897, 68.96551724137932, 64.13793103448275, 60.13986013986013, 51.11111111111111], [63.39869281045751, 68.21192052980133, 63.576158940397356, 60.0, 50.35460992907801], [63.33333333333333, 68.45637583892618, 64.42953020134227, 60.810810810810814, 50.72463768115942], [63.33333333333333, 69.12751677852349, 63.758389261744966, 59.45945945945946, 51.42857142857142], [64.47368421052632, 69.33333333333334, 64.0, 59.06040268456376, 51.06382978723404], [63.81578947368421, 67.33333333333333, 63.33333333333333, 60.13513513513513, 50.35971223021583], [67.9245283018868, 70.70063694267516, 64.96815286624204, 60.256410256410255, 51.02040816326531], [65.54054054054053, 69.86301369863014, 65.06849315068493, 60.0, 51.82481751824818]]}}