{"100": {"max_delay_session_1": 65.21739130434783, "max_delay_session_10": 75.0, "max_delay_session_20": 83.33333333333334, "max_delay_session_3": 63.63636363636363, "max_delay_session_5": 72.72727272727273, "max_moving_average_10": 81.81818181818183, "max_moving_average_100": 81.81818181818183, "max_moving_average_20": 80.0, "max_moving_average_30": 83.33333333333334, "max_moving_average_40": 83.33333333333334, "max_moving_average_50": 83.33333333333334, "max_moving_average_60": 80.0, "max_moving_average_70": 80.0, "max_moving_average_80": 81.81818181818183, "max_moving_average_90": 83.33333333333334, "max_value_matrix": {"delay_session": 20, "moving_average": 30, "value": 83.33333333333334}, "moving_average_range": 10, "predict_delay_session_list": [1, 3, 5, 10, 20], "value_matrix": [[63.63636363636363, 63.63636363636363, 71.42857142857143, 72.22222222222221, 81.81818181818183], [54.166666666666664, 52.17391304347826, 63.63636363636363, 72.22222222222221, 80.0], [57.692307692307686, 57.692307692307686, 68.0, 68.18181818181817, 83.33333333333334], [63.63636363636363, 59.09090909090909, 72.72727272727273, 75.0, 83.33333333333334], [63.63636363636363, 59.09090909090909, 72.72727272727273, 75.0, 83.33333333333334], [56.00000000000001, 54.166666666666664, 62.5, 65.0, 80.0], [58.333333333333336, 52.17391304347826, 65.21739130434783, 68.42105263157895, 80.0], [58.333333333333336, 58.333333333333336, 66.66666666666666, 66.66666666666666, 81.81818181818183], [65.21739130434783, 60.86956521739131, 69.56521739130434, 75.0, 83.33333333333334], [63.63636363636363, 59.09090909090909, 68.18181818181817, 73.68421052631578, 81.81818181818183]]}}