{"100": {"max_delay_session_1": 69.12751677852349, "max_delay_session_10": 56.02836879432624, "max_delay_session_20": 45.89041095890411, "max_delay_session_3": 73.41772151898735, "max_delay_session_5": 67.51592356687898, "max_moving_average_10": 70.27027027027027, "max_moving_average_100": 73.20261437908496, "max_moving_average_20": 67.3076923076923, "max_moving_average_30": 70.25316455696202, "max_moving_average_40": 73.41772151898735, "max_moving_average_50": 73.24840764331209, "max_moving_average_60": 69.42675159235668, "max_moving_average_70": 71.71052631578947, "max_moving_average_80": 70.44025157232704, "max_moving_average_90": 72.54901960784314, "max_value_matrix": {"delay_session": 3, "moving_average": 40, "value": 73.41772151898735}, "moving_average_range": 10, "predict_delay_session_list": [1, 3, 5, 10, 20], "value_matrix": [[69.12751677852349, 70.27027027027027, 65.75342465753424, 56.02836879432624, 41.911764705882355], [63.69426751592356, 67.3076923076923, 62.58064516129033, 54.666666666666664, 38.88888888888889], [64.77987421383648, 70.25316455696202, 64.3312101910828, 55.26315789473685, 41.78082191780822], [66.66666666666666, 73.41772151898735, 67.51592356687898, 53.94736842105263, 45.89041095890411], [66.45569620253164, 73.24840764331209, 67.3076923076923, 55.62913907284768, 44.13793103448276], [63.92405063291139, 69.42675159235668, 64.1025641025641, 54.966887417218544, 41.37931034482759], [67.3202614379085, 71.71052631578947, 65.56291390728477, 55.47945205479452, 43.57142857142857], [63.74999999999999, 70.44025157232704, 65.60509554140127, 53.94736842105263, 44.52054794520548], [66.88311688311688, 72.54901960784314, 66.22516556291392, 54.109589041095894, 44.285714285714285], [65.5844155844156, 73.20261437908496, 66.44736842105263, 53.74149659863946, 43.97163120567376]]}}