{"100": {"max_delay_session_1": 73.07692307692307, "max_delay_session_10": 64.23841059602648, "max_delay_session_20": 62.93706293706294, "max_delay_session_3": 73.37662337662337, "max_delay_session_5": 70.58823529411765, "max_moving_average_10": 66.88311688311688, "max_moving_average_100": 66.25, "max_moving_average_20": 66.66666666666666, "max_moving_average_30": 69.87179487179486, "max_moving_average_40": 68.21192052980133, "max_moving_average_50": 67.53246753246754, "max_moving_average_60": 69.6774193548387, "max_moving_average_70": 70.51282051282051, "max_moving_average_80": 62.80487804878049, "max_moving_average_90": 73.37662337662337, "max_value_matrix": {"delay_session": 3, "moving_average": 90, "value": 73.37662337662337}, "moving_average_range": 10, "predict_delay_session_list": [1, 3, 5, 10, 20], "value_matrix": [[62.82051282051282, 66.88311688311688, 62.98701298701299, 57.89473684210527, 60.416666666666664], [60.12658227848101, 66.66666666666666, 64.74358974358975, 59.47712418300654, 62.328767123287676], [66.45569620253164, 69.87179487179486, 65.38461538461539, 60.3896103896104, 61.904761904761905], [66.66666666666666, 68.21192052980133, 66.22516556291392, 63.08724832214765, 62.93706293706294], [64.74358974358975, 67.53246753246754, 64.93506493506493, 61.8421052631579, 62.328767123287676], [69.42675159235668, 69.6774193548387, 67.0967741935484, 62.33766233766234, 60.810810810810814], [68.9873417721519, 70.51282051282051, 66.45161290322581, 61.43790849673203, 59.863945578231295], [57.22891566265061, 61.58536585365854, 62.80487804878049, 59.006211180124225, 60.3896103896104], [73.07692307692307, 73.37662337662337, 70.58823529411765, 64.23841059602648, 60.689655172413794], [63.580246913580254, 66.25, 65.0, 60.12658227848101, 60.9271523178808]]}}