{"100": {"max_delay_session_1": 61.76470588235294, "max_delay_session_10": 74.19354838709677, "max_delay_session_20": 54.54545454545454, "max_delay_session_3": 81.81818181818183, "max_delay_session_5": 84.84848484848484, "max_moving_average_10": 70.96774193548387, "max_moving_average_100": 77.14285714285715, "max_moving_average_20": 74.28571428571429, "max_moving_average_30": 78.78787878787878, "max_moving_average_40": 84.84848484848484, "max_moving_average_50": 81.81818181818183, "max_moving_average_60": 84.84848484848484, "max_moving_average_70": 81.81818181818183, "max_moving_average_80": 79.41176470588235, "max_moving_average_90": 82.35294117647058, "max_value_matrix": {"delay_session": 5, "moving_average": 40, "value": 84.84848484848484}, "moving_average_range": 10, "predict_delay_session_list": [1, 3, 5, 10, 20], "value_matrix": [[57.14285714285714, 69.6969696969697, 70.96774193548387, 62.96296296296296, 42.10526315789473], [60.526315789473685, 69.44444444444444, 74.28571428571429, 66.66666666666666, 45.0], [61.76470588235294, 75.75757575757575, 78.78787878787878, 70.0, 50.0], [58.82352941176471, 81.81818181818183, 84.84848484848484, 74.19354838709677, 52.38095238095239], [60.0, 78.78787878787878, 81.81818181818183, 70.96774193548387, 54.54545454545454], [60.0, 81.81818181818183, 84.84848484848484, 74.19354838709677, 54.54545454545454], [57.57575757575758, 78.78787878787878, 81.81818181818183, 70.96774193548387, 54.54545454545454], [55.88235294117647, 76.47058823529412, 79.41176470588235, 68.75, 50.0], [58.82352941176471, 79.41176470588235, 82.35294117647058, 71.875, 54.54545454545454], [57.14285714285714, 74.28571428571429, 77.14285714285715, 68.75, 50.0]]}}