{"100": {"max_delay_session_1": 61.53846153846154, "max_delay_session_10": 56.52173913043478, "max_delay_session_20": 33.33333333333333, "max_delay_session_3": 73.07692307692307, "max_delay_session_5": 69.23076923076923, "max_moving_average_10": 60.0, "max_moving_average_100": 61.29032258064516, "max_moving_average_20": 63.33333333333333, "max_moving_average_30": 65.38461538461539, "max_moving_average_40": 59.375, "max_moving_average_50": 59.25925925925925, "max_moving_average_60": 62.5, "max_moving_average_70": 62.96296296296296, "max_moving_average_80": 65.38461538461539, "max_moving_average_90": 73.07692307692307, "max_value_matrix": {"delay_session": 3, "moving_average": 90, "value": 73.07692307692307}, "moving_average_range": 10, "predict_delay_session_list": [1, 3, 5, 10, 20], "value_matrix": [[46.666666666666664, 53.333333333333336, 60.0, 44.827586206896555, 20.0], [50.0, 56.666666666666664, 63.33333333333333, 48.275862068965516, 20.0], [61.53846153846154, 65.38461538461539, 65.38461538461539, 56.52173913043478, 33.33333333333333], [54.54545454545454, 57.57575757575758, 59.375, 48.275862068965516, 20.0], [59.25925925925925, 59.25925925925925, 59.25925925925925, 54.166666666666664, 27.27272727272727], [57.57575757575758, 60.60606060606061, 62.5, 51.724137931034484, 23.076923076923077], [59.25925925925925, 62.96296296296296, 61.53846153846154, 56.52173913043478, 31.57894736842105], [61.53846153846154, 65.38461538461539, 65.38461538461539, 56.52173913043478, 33.33333333333333], [61.53846153846154, 73.07692307692307, 69.23076923076923, 52.17391304347826, 30.0], [54.83870967741935, 61.29032258064516, 61.29032258064516, 46.42857142857143, 20.0]]}}