{"100": {"max_delay_session_1": 59.45945945945946, "max_delay_session_10": 47.82608695652174, "max_delay_session_20": 43.47826086956522, "max_delay_session_3": 62.857142857142854, "max_delay_session_5": 64.86486486486487, "max_moving_average_10": 60.71428571428571, "max_moving_average_100": 61.111111111111114, "max_moving_average_20": 64.86486486486487, "max_moving_average_30": 58.333333333333336, "max_moving_average_40": 58.333333333333336, "max_moving_average_50": 60.526315789473685, "max_moving_average_60": 55.55555555555556, "max_moving_average_70": 62.857142857142854, "max_moving_average_80": 60.60606060606061, "max_moving_average_90": 56.75675675675676, "max_value_matrix": {"delay_session": 5, "moving_average": 20, "value": 64.86486486486487}, "moving_average_range": 10, "predict_delay_session_list": [1, 3, 5, 10, 20], "value_matrix": [[43.75, 56.666666666666664, 60.71428571428571, 47.82608695652174, 0.0], [50.0, 60.526315789473685, 64.86486486486487, 43.75, 33.33333333333333], [50.0, 55.26315789473685, 58.333333333333336, 41.935483870967744, 39.130434782608695], [51.28205128205128, 54.054054054054056, 58.333333333333336, 38.70967741935484, 34.78260869565217], [45.23809523809524, 52.5, 60.526315789473685, 42.42424242424242, 40.0], [45.0, 50.0, 55.55555555555556, 45.16129032258064, 43.47826086956522], [59.45945945945946, 62.857142857142854, 60.0, 41.935483870967744, 36.0], [52.77777777777778, 58.82352941176471, 60.60606060606061, 42.857142857142854, 38.095238095238095], [46.34146341463415, 51.28205128205128, 56.75675675675676, 43.75, 41.66666666666667], [51.28205128205128, 56.75675675675676, 61.111111111111114, 41.935483870967744, 39.130434782608695]]}}