{"100": {"max_delay_session_1": 69.81132075471697, "max_delay_session_10": 57.92682926829268, "max_delay_session_20": 53.246753246753244, "max_delay_session_3": 63.69047619047619, "max_delay_session_5": 58.333333333333336, "max_moving_average_10": 69.81132075471697, "max_moving_average_100": 63.31360946745562, "max_moving_average_20": 62.06896551724138, "max_moving_average_30": 64.11764705882354, "max_moving_average_40": 67.85714285714286, "max_moving_average_50": 65.51724137931035, "max_moving_average_60": 61.71428571428571, "max_moving_average_70": 63.69047619047619, "max_moving_average_80": 63.1578947368421, "max_moving_average_90": 65.88235294117646, "max_value_matrix": {"delay_session": 1, "moving_average": 10, "value": 69.81132075471697}, "moving_average_range": 10, "predict_delay_session_list": [1, 3, 5, 10, 20], "value_matrix": [[69.81132075471697, 63.29113924050633, 56.05095541401274, 54.90196078431373, 51.369863013698634], [62.06896551724138, 59.53757225433526, 54.385964912280706, 55.42168674698795, 51.28205128205128], [64.11764705882354, 59.171597633136095, 55.62130177514793, 56.36363636363636, 51.89873417721519], [67.85714285714286, 63.69047619047619, 58.333333333333336, 57.92682926829268, 51.59235668789809], [65.51724137931035, 61.849710982658955, 57.22543352601156, 56.80473372781065, 52.46913580246913], [61.71428571428571, 58.620689655172406, 54.06976744186046, 56.287425149700596, 51.26582278481012], [63.69047619047619, 60.47904191616767, 55.42168674698795, 57.14285714285714, 53.246753246753244], [63.1578947368421, 61.40350877192983, 56.72514619883041, 54.49101796407185, 50.625], [65.88235294117646, 62.94117647058823, 57.05882352941176, 56.024096385542165, 51.57232704402516], [63.31360946745562, 60.35502958579882, 56.213017751479285, 55.757575757575765, 51.89873417721519]]}}